,Name,Price,Producer,MPN,EAN,UPC,Base Clock,Turbo Clock,Unlocked Multiplier,Cores,Threads,TDP,Socket,Integrated GPU,Product Page
0,AMD Ryzen 5 5600X,$158.86 USD,AMD,100-100000065BOX,730143312042,,3.7 GHz,4.6 GHz,True,6,12,65 W,AM4,False,https://www.amazon.ca/dp/B08166SLDF?tag=pckombo04b-20&linkCode=osi&th=1&psc=1
1,AMD Athlon 3000G,$53.22 USD,AMD,YD3000C6FHBOX,730143311731,,3.5 GHz,,True,2,4,35 W,AM4,Radeon RX Vega 3,https://www.amazon.ca/dp/B0815JGFQ8?tag=pckombo04b-20&linkCode=osi&th=1&psc=1
2,AMD Ryzen 3 3300X,$150.09 USD,AMD,100-100000159BOX,730143312172,,3.8 GHz,4.3 GHz,True,4,8,65 W,AM4,False,https://www.amazon.ca/dp/B0876YS2T4?tag=pckombo04b-20&linkCode=osi&th=1&psc=1
3,AMD Ryzen 5 5500,$87.04 USD,AMD,100-100000457BOX,730143314121,,3.6 GHz,4.2 GHz,True,6,12,65 W,AM4,False,https://www.amazon.ca/dp/B09VCJ171S?tag=pckombo04b-20&linkCode=osi&th=1&psc=1
4,AMD Ryzen 5 5600,$133.46 USD,AMD,100-100000927BOX,730143314190,,3.5 GHz,4.4 GHz,True,6,12,65 W,AM4,False,https://www.amazon.ca/dp/B09VCHR1VH?tag=pckombo04b-20&linkCode=osi&th=1&psc=1
5,AMD Ryzen 5 5600G,$122.59 USD,AMD,100-100000252BOX,730143313414,,3.9 GHz,4.4 GHz,True,6,12,65 W,AM4,"Radeon RX Vega 7, Cezanne",https://www.amazon.ca/dp/B092L9GF5N?tag=pckombo04b-20&linkCode=osi&th=1&psc=1
6,AMD Ryzen 5 7600,$216.89 USD,AMD,100-100001015BOX,730143314572,,3.8 GHz,5.1 GHz,True,6,12,65 W,AM5,Ryzen 7000 Graphics,https://www.amazon.ca/dp/B0BMQJWBDM?tag=pckombo04b-20&linkCode=osi&th=1&psc=1
7,AMD Ryzen 5 7600X,$202.37 USD,AMD,100-100000593WOF,730143314442,,4.7 GHz,5.3 GHz,True,6,12,105 W,AM5,Ryzen 7000 Graphics,https://www.amazon.ca/dp/B0BBJDS62N?tag=pckombo04b-20&linkCode=osi&th=1&psc=1
8,AMD Ryzen 7 5700G,$188.59 USD,AMD,100-100000263BOX,730143313377,,3.8 GHz,4.6 GHz,True,8,16,65 W,AM4,"Radeon RX Vega 8, Cezanne",https://www.amazon.ca/dp/B091J3NYVF?tag=pckombo04b-20&linkCode=osi&th=1&psc=1
9,AMD Ryzen 7 5700X,$187.87 USD,AMD,100-100000926WOF,730143314275,,3.4 GHz,4.6 GHz,True,8,16,65 W,AM4,False,https://www.amazon.ca/dp/B09VCHQHZ6?tag=pckombo04b-20&linkCode=osi&th=1&psc=1
10,AMD Ryzen 7 5800X,$231.38 USD,AMD,100-100000063WOF,730143312714,,3.8 GHz,4.7 GHz,True,8,16,105 W,AM4,False,https://www.amazon.ca/dp/B0815XFSGK?tag=pckombo04b-20&linkCode=osi&th=1&psc=1
11,AMD Ryzen 7 5800X3D,$304.65 USD,AMD,100-100000651WOF,730143313797,,3.4 GHz,4.5 GHz,False,8,16,105 W,AM4,False,https://www.amazon.ca/dp/B09VCJ2SHD?tag=pckombo04b-20&linkCode=osi&th=1&psc=1
12,AMD Ryzen 7 7700,$319.16 USD,AMD,100-100000592BOX,730143314497,,3.8 GHz,5.3 GHz,True,8,16,65 W,AM5,Ryzen 7000 Graphics,https://www.amazon.ca/dp/B0BMQHSCVF?tag=pckombo04b-20&linkCode=osi&th=1&psc=1
13,AMD Ryzen 7 7700X,$318.44 USD,AMD,100-100000591WOF,730143314428,,4.5 GHz,5.4 GHz,True,8,16,105 W,AM5,Ryzen 7000 Graphics,https://www.amazon.ca/dp/B0BBHHT8LY?tag=pckombo04b-20&linkCode=osi&th=1&psc=1
14,AMD Ryzen 7 7800X3D,$384.44 USD,AMD,100-100000910WOF,730143314930,,4.2 GHz,5.0 GHz,False,8,16,120 W,AM5,Ryzen 7000 Graphics,https://www.amazon.ca/dp/B0BTZB7F88?tag=pckombo04b-20&linkCode=osi&th=1&psc=1
15,AMD Ryzen 9 5900X,$325.69 USD,AMD,100-100000061WOF,730143312738,,3.7 GHz,4.8 GHz,True,12,24,105 W,AM4,False,https://www.amazon.ca/dp/B08164VTWH?tag=pckombo04b-20&linkCode=osi&th=1&psc=1
16,AMD Ryzen 9 5950X,$224.86 USD,AMD,100-100000059WOF,730143312745,,3.4 GHz,4.9 GHz,True,16,32,105 W,AM4,False,https://www.amazon.ca/dp/B0815XFSGK?tag=pckombo04b-20&linkCode=osi&th=1&psc=1
17,AMD Ryzen 9 7900,$398.22 USD,AMD,100-100000590BOX,730143314466,,3.7 GHz,5.4 GHz,True,12,24,65 W,AM5,Ryzen 7000 Graphics,https://www.amazon.ca/dp/B0BMQK718H?tag=pckombo04b-20&linkCode=osi&th=1&psc=1
18,AMD Ryzen 9 7900X,$424.34 USD,AMD,100-100000589WOF,730143314558,,4.7 GHz,5.6 GHz,True,12,24,170 W,AM5,Ryzen 7000 Graphics,https://www.amazon.ca/dp/B0BBJ59WJ4?tag=pckombo04b-20&linkCode=osi&th=1&psc=1
19,AMD Ryzen 9 7950X,$544.02 USD,AMD,100-100000514WOF,730143314534,,4.5 GHz,5.7 GHz,True,16,32,170 W,AM5,Ryzen 7000 Graphics,https://www.amazon.ca/dp/B0BBHD5D8Y?tag=pckombo04b-20&linkCode=osi&th=1&psc=1
20,AMD Ryzen Threadripper 3960X,$1238.93 USD,AMD,100-100000010WOF,730143311885,,3.8 GHz,4.5 GHz,True,24,48,280 W,TRX40,False,https://www.amazon.ca/dp/B0815JGCXP?tag=pckombo04b-20&linkCode=osi&th=1&psc=1
21,AMD Ryzen Threadripper 3970X,$1777.16 USD,AMD,100-100000011WOF,730143311908,,3.7 GHz,4.5 GHz,True,32,64,280 W,TRX40,False,https://www.amazon.ca/dp/B0815JJQQ8?tag=pckombo04b-20&linkCode=osi&th=1&psc=1
22,AMD Ryzen Threadripper 3990X,$3917.02 USD,AMD,100-100000163WOF,730143312110,,2.9 GHz,4.3 GHz,True,64,128,280 W,TRX40,False,https://www.amazon.ca/dp/B0815SBQ9W?tag=pckombo04b-20&linkCode=osi&th=1&psc=1
23,Intel Core i3-12100,$87.04 USD,Intel,BX8071512100,5032037238458,735858503877.0,3.3 GHz,4.3 GHz,False,4,8,60 W,1700,Intel UHD 730,https://www.amazon.ca/dp/B09NPHJLPT?tag=pckombo04b-20&linkCode=osi&th=1&psc=1
24,Intel Core i3-12100F,$87.04 USD,Intel,BX8071512100F,5032037238731,735858504423.0,3.3 GHz,4.3 GHz,False,4,8,60 W,1700,False,https://www.amazon.ca/dp/B09NPJX7PV?tag=pckombo04b-20&linkCode=osi&th=1&psc=1
25,Intel Core i5-12400,$173.36 USD,Intel,BX8071512400,5032037237741,735858503020.0,2.5 GHz,4.4 GHz,False,6,12,65 W,1700,Intel UHD 730,https://www.amazon.ca/dp/B09NMPD8V2?tag=pckombo04b-20&linkCode=osi&th=1&psc=1
26,Intel Core i5-12400F,$144.35 USD,Intel,BX8071512400F,5032037237758,735858503037.0,2.5 GHz,4.4 GHz,False,6,12,65 W,1700,False,https://www.amazon.ca/dp/B09NPJRDGD?tag=pckombo04b-20&linkCode=osi&th=1&psc=1
29,Intel Core i5-12600K,$231.38 USD,Intel,BX8071512600K,5032037234108,735858499040.0,3.6 GHz,4.9 GHz,True,6,12,125 W,1700,Intel UHD 770,https://www.amazon.ca/dp/B09FX4D72T?tag=pckombo04b-20&linkCode=osi&th=1&psc=1
30,Intel Core i5-12600KF,$268.0 USD,Intel,BX8071512600KF,5032037234115,735858499057.0,3.7 GHz,4.9 GHz,True,6,12,125 W,1700,False,https://www.amazon.ca/dp/B09FXFJW2F?tag=pckombo04b-20&linkCode=osi&th=1&psc=1
31,Intel Core i5-13400,$224.13 USD,Intel,BX8071513400,5032037260275,735858528313.0,2.5 GHz,GHz,False,6,12,65 W,1700,False,https://www.amazon.ca/dp/B0BQ68QB6R?tag=pckombo04b-20&linkCode=osi&th=1&psc=1
32,Intel Core i5-13400F,$195.84 USD,Intel,BX8071513400F,5032037260299,735858528337.0,3.3 GHz,GHz,False,6,12,65 W,1700,False,https://www.amazon.ca/dp/B0BQ6BRL4T?tag=pckombo04b-20&linkCode=osi&th=1&psc=1
36,Intel Core i7-12700K,$217.61 USD,Intel,BX8071512700K,5032037233989,735858498920.0,3.6 GHz,5.0 GHz,True,8,16,125 W,1700,Intel UHD 770,https://www.amazon.ca/dp/B09FXNVDBJ?tag=pckombo04b-20&linkCode=osi&th=1&psc=1
37,Intel Core i7-13700,$340.19 USD,Intel,BX8071513700,5032037260213,735858528252.0,4.0 GHz,GHz,False,8,16,65 W,1700,False,https://www.amazon.ca/dp/B0BQ6BNY56?tag=pckombo04b-20&linkCode=osi&th=1&psc=1
38,Intel Core i7-13700F,$347.45 USD,Intel,BX8071513700F,5032037260237,735858528276.0,4.0 GHz,GHz,False,8,16,65 W,1700,False,https://www.amazon.ca/dp/B0BQ6CSY9C?tag=pckombo04b-20&linkCode=osi&th=1&psc=1
41,Intel Core i9-12900,$485.99 USD,Intel,BX8071512900,5032037237925,735858503204.0,2.4 GHz,5.1 GHz,False,8,16,65 W,1700,Intel UHD 770,https://www.amazon.ca/dp/B09RPF28CG?tag=pckombo04b-20&linkCode=osi&th=1&psc=1
42,Intel Core i9-12900K,$405.47 USD,Intel,BX8071512900K,5032037234641,,3.2 GHz,5.2 GHz,True,8,16,125 W,1700,Intel UHD 770,https://www.amazon.ca/dp/B09FXDLX95?tag=pckombo04b-20&linkCode=osi&th=1&psc=1
43,Intel Core i9-12900KF,$419.98 USD,Intel,BX8071512900KF,5032037234221,735858499163.0,3.2 GHz,5.2 GHz,True,8,16,125 W,1700,False,https://www.amazon.ca/dp/B09FWYK5M9?tag=pckombo04b-20&linkCode=osi&th=1&psc=1
54,AMD A10-9700,$31.74 USD,AMD,AD9700AGABBOX,730143308601,730143308601.0,3.5 GHz,GHz,False,4,4,65 W,AM4,Radeon R7,https://www.amazon.ca/Startech-CDP2DPMM1MW-DisplayPort-External-Adapter/dp/B074NTJ3XC?SubscriptionId=AKIAI7B523DQIKTQ3BRQ&tag=pckombo04b-20&linkCode=xm2&camp=2025&creative=165953&creativeASIN=B074NTJ3XC
63,AMD A6-7400K,$49.0 USD,AMD,AD740KYBJABOX,730143304948,,3.5 GHz,3.9 GHz,True,1,1,65 W,FM2+,False,https://www.amazon.ca/AMD-AD740KYBJABOX-7400K-3900MHz-Black/dp/B00LUH17XG?SubscriptionId=AKIAI7B523DQIKTQ3BRQ&tag=pckombo04b-20&linkCode=xm2&camp=2025&creative=165953&creativeASIN=B00LUH17XG
68,AMD A8-7600,$77.17 USD,AMD,AD7600YBJABOX,730143304979,,3.1 GHz,3.8 GHz,False,2,2,65 W,FM2+,False,https://www.amazon.ca/AMD-CPU-AD7600YBJABOX-7600-3800MHz/dp/B00LUH1N4O?psc=1&SubscriptionId=AKIAI7B523DQIKTQ3BRQ&tag=pckombo04b-20&linkCode=xm2&camp=2025&creative=165953&creativeASIN=B00LUH1N4O
70,AMD A8-7650K,$79.83 USD,AMD,AD765KXBJASBX,730143307703,,3.3 GHz,3.7 GHz,True,2,2,95 W,FM2+,Radeon R7,https://www.amazon.ca/AMD-A8-7650K-Radeon-Graphics-AD765KXBJASBX/dp/B01C8CI0TK?SubscriptionId=AKIAI7B523DQIKTQ3BRQ&tag=pckombo04b-20&linkCode=xm2&camp=2025&creative=165953&creativeASIN=B01C8CI0TK
73,AMD Athlon 200GE,$68.31 USD,AMD,YD200GC6FBBOX,730143309325,730143309325.0,3.2 GHz,GHz,False,2,4,35 W,AM4,Radeon RX Vega 3,https://www.amazon.ca/dp/B07HJWVJDN?tag=pckombo04b-20&linkCode=osi&th=1&psc=1
74,AMD Athlon 220GE,$80.08 USD,AMD,YD220GC6FBBOX,730143309516,,3.4 GHz,GHz,False,2,4,35 W,AM4,Radeon RX Vega 3,https://www.amazon.ca/dp/B07L9Q7DLQ?tag=pckombo04b-20&linkCode=osi&th=1&psc=1
75,AMD Athlon 240GE,$71.52 USD,AMD,YD240GC6FBBOX,730143309493,,3.5 GHz,GHz,False,2,4,35 W,AM4,Radeon RX Vega 3,https://www.amazon.ca/dp/B07L9V9F6H?tag=pckombo04b-20&linkCode=osi&th=1&psc=1
84,AMD FX-6300,$87.16 USD,AMD,FD6300WMHKBOX,730143302593,,3.5 GHz,4.1 GHz,True,6,6,95 W,AM3+,False,https://www.amazon.ca/dp/B009O7YORK?tag=pckombo04b-20&linkCode=osi&th=1&psc=1
87,AMD FX-8300,$144.4 USD,AMD,FD8300WMHKBOX,730143302555,,3.3 GHz,4.2 GHz,True,8,8,95 W,AM3+,False,https://www.amazon.ca/dp/B00T9RTT2U?tag=pckombo04b-20&linkCode=osi&th=1&psc=1
92,AMD FX-8370,$145.36 USD,AMD,FD8370FRHKHBX,730143307390,,4.0 GHz,4.3 GHz,True,8,8,125 W,AM3+,False,https://www.amazon.ca/dp/B01798X7D2?tag=pckombo04b-20&linkCode=osi&th=1&psc=1
94,AMD FX-9370,$239.38 USD,AMD,FD9370FHHKWOF,730143303644,,4.4 GHz,4.7 GHz,True,4,4,220 W,AM3+,False,https://www.amazon.ca/AMD-FD9370FHHKWOF-FX-9370-8-Core-Processor/dp/B00DGHD2TA?SubscriptionId=AKIAI7B523DQIKTQ3BRQ&tag=pckombo04b-20&linkCode=xm2&camp=2025&creative=165953&creativeASIN=B00DGHD2TA
95,AMD FX-9590,$234.29 USD,AMD,FD9590FHHKWOF,730143303637,,4.7 GHz,5.0 GHz,True,8,8,220 W,AM3+,False,https://www.amazon.ca/AMD-FD9590FHHKWOF-Fx-9590-8-Core-Processor/dp/B00DGGW3MI?SubscriptionId=AKIAI7B523DQIKTQ3BRQ&tag=pckombo04b-20&linkCode=xm2&camp=2025&creative=165953&creativeASIN=B00DGGW3MI
97,AMD Ryzen 3 1200,$117.1 USD,AMD,YD1200BBAEBOX,730143308489,730143308489.0,3.1 GHz,3.4 GHz,True,4,4,65 W,AM4,False,https://www.amazon.ca/dp/B0741DN383?tag=pckombo04b-20&linkCode=osi&th=1&psc=1
99,AMD Ryzen 3 1300X,$75.16 USD,AMD,YD130XBBAEBOX,730143308502,,3.5 GHz,3.7 GHz,True,4,4,65 W,AM4,False,https://www.amazon.ca/dp/B0747ZR6SN?tag=pckombo04b-20&linkCode=osi&th=1&psc=1
100,AMD Ryzen 3 2200G,$101.55 USD,AMD,YD2200C5FBBOX,730143309110,730143309110.0,3.5 GHz,3.7 GHz,True,4,4,65 W,AM4,Radeon RX Vega 8,https://www.amazon.ca/dp/B079D3DBNM?tag=pckombo04b-20&linkCode=osi&th=1&psc=1
101,AMD Ryzen 3 3100,$120.4 USD,AMD,100-100000284BOX,730143312202,,3.6 GHz,3.9 GHz,True,4,8,65 W,AM4,False,https://www.amazon.ca/dp/B0876Y2TMZ?tag=pckombo04b-20&linkCode=osi&th=1&psc=1
102,AMD Ryzen 3 3200G,$100.81 USD,AMD,YD3200C5FHBOX,730143309851,730143309851.0,3.6 GHz,4.0 GHz,True,4,4,65 W,AM4,Radeon RX Vega 8,https://www.amazon.ca/dp/B07STGHZK8?tag=pckombo04b-20&linkCode=osi&th=1&psc=1
103,AMD Ryzen 3 4100,$86.86 USD,AMD,100-100000510BOX,730143314060,,3.8 GHz,4.0 GHz,True,4,8,65 W,AM4,False,https://www.amazon.ca/dp/B09VCRQVWM?tag=pckombo04b-20&linkCode=osi&th=1&psc=1
104,AMD Ryzen 5 1400,$181.21 USD,AMD,YD1400BBAEBOX,730143308427,,3.2 GHz,3.4 GHz,True,4,8,65 W,AM4,False,https://www.amazon.ca/dp/B06XKWT8J4?tag=pckombo04b-20&linkCode=osi&th=1&psc=1
105,AMD Ryzen 5 1500X,$148.04 USD,AMD,YD150XBBAEBOX,730143308465,,3.5 GHz,3.7 GHz,True,4,8,65 W,AM4,False,https://www.amazon.ca/AMD-Processor-Wraith-Cooler-YD150XBBAEBOX/dp/B06XKVNRSM?psc=1&SubscriptionId=AKIAI7B523DQIKTQ3BRQ&tag=pckombo04b-20&linkCode=xm2&camp=2025&creative=165953&creativeASIN=B06XKVNRSM
106,AMD Ryzen 5 1600,$129.64 USD,AMD,YD1600BBAEBOX,730143308397,730143308397.0,3.2 GHz,3.6 GHz,True,6,12,65 W,AM4,False,https://www.amazon.ca/AMD-Processor-Wraith-Cooler-YD1600BBAEBOX/dp/B06XNRQHG4?psc=1&SubscriptionId=AKIAI7B523DQIKTQ3BRQ&tag=pckombo04b-20&linkCode=xm2&camp=2025&creative=165953&creativeASIN=B06XNRQHG4
107,AMD Ryzen 5 1600 AF,$197.32 USD,AMD,YD1600BBAFBOX,730143309752,,3.2 GHz,3.6 GHz,True,6,12,65 W,AM4,False,https://www.amazon.ca/dp/B07XTQZJ28?tag=pckombo04b-20&linkCode=osi&th=1&psc=1
108,AMD Ryzen 5 1600X,$256.26 USD,AMD,YD160XBCAEWOF,730143308441,,3.6 GHz,4.0 GHz,True,6,12,95 W,AM4,False,https://www.amazon.ca/dp/B073WQFXRZ?tag=pckombo04b-20&linkCode=osi&th=1&psc=1
109,AMD Ryzen 5 2400G,$159.58 USD,AMD,YD2400C5FBBOX,730143309080,730143309080.0,3.6 GHz,3.9 GHz,True,4,8,65 W,AM4,Radeon RX Vega 11,https://www.amazon.ca/dp/B079D8FD28?tag=pckombo04b-20&linkCode=osi&th=1&psc=1
111,AMD Ryzen 5 2600,$181.34 USD,AMD,YD2600BBAFBOX,730143309165,730143309165.0,3.4 GHz,3.9 GHz,True,6,12,65 W,AM4,False,https://www.amazon.ca/dp/B07B41WS48?tag=pckombo04b-20&linkCode=osi&th=1&psc=1
113,AMD Ryzen 5 2600X,$217.11 USD,AMD,YD260XBCAFBOX,730143309226,730143309226.0,3.6 GHz,4.1 GHz,True,6,12,95 W,AM4,False,https://www.amazon.ca/dp/B07B428V2L?tag=pckombo04b-20&linkCode=osi&th=1&psc=1
114,AMD Ryzen 5 3400G,$150.87 USD,AMD,YD3400C5FHBOX,730143309837,,3.7 GHz,4.2 GHz,True,4,8,65 W,AM4,Radeon RX Vega 11,https://www.amazon.ca/dp/B07SXNDKNM?tag=pckombo04b-20&linkCode=osi&th=1&psc=1
117,AMD Ryzen 5 3600,$166.8 USD,AMD,100-100000031BOX,730143309936,730143309936.0,3.6 GHz,4.2 GHz,True,6,12,65 W,AM4,False,https://www.amazon.ca/dp/B07STGGQ18?tag=pckombo04b-20&linkCode=osi&th=1&psc=1
118,AMD Ryzen 5 3600X,$378.86 USD,AMD,100-100000022BOX,730143309912,730143309912.0,3.8 GHz,4.4 GHz,True,6,12,95 W,AM4,False,https://www.amazon.ca/dp/B07Z11JKHY?tag=pckombo04b-20&linkCode=osi&th=1&psc=1
119,AMD Ryzen 5 3600XT,$239.37 USD,AMD,100-100000281BOX,730143312646,,3.8 GHz,4.5 GHz,True,6,12,95 W,AM4,False,https://www.amazon.ca/dp/B089WC4VWF?tag=pckombo04b-20&linkCode=osi&th=1&psc=1
120,AMD Ryzen 5 4500,$126.93 USD,AMD,100-100000644BOX,730143314114,,3.6 GHz,4.1 GHz,True,6,12,65 W,AM4,False,https://www.amazon.ca/dp/B09VCJN7HZ?tag=pckombo04b-20&linkCode=osi&th=1&psc=1
121,AMD Ryzen 7 1700,$363.77 USD,AMD,YD1700BBAEBOX,730143308328,730143308328.0,3.0 GHz,3.7 GHz,True,8,16,65 W,AM4,False,https://www.amazon.ca/dp/B072KPW7YF?tag=pckombo04b-20&linkCode=osi&th=1&psc=1
122,AMD Ryzen 7 1700X,$426.51 USD,AMD,YD170XBCAEWOF,730143308342,730143308342.0,3.4 GHz,3.8 GHz,True,8,16,95 W,AM4,False,https://www.amazon.ca/dp/B073WQ4XBB?tag=pckombo04b-20&linkCode=osi&th=1&psc=1
123,AMD Ryzen 7 1800X,$434.49 USD,AMD,YD180XBCAEWOF,730143308366,730143308366.0,3.6 GHz,4.0 GHz,True,8,16,95 W,AM4,False,https://www.amazon.ca/dp/B073WPTQX8?tag=pckombo04b-20&linkCode=osi&th=1&psc=1
125,AMD Ryzen 7 2700,$272.02 USD,AMD,YD2700BBAFBOX,730143309189,730143309189.0,3.2 GHz,4.1 GHz,True,8,16,100 W,AM4,False,https://www.amazon.ca/dp/B07B41717Z?tag=pckombo04b-20&linkCode=osi&th=1&psc=1
126,AMD Ryzen 7 2700X,$192.22 USD,AMD,YD270XBGAFBOX,730143309202,730143309202.0,3.7 GHz,4.3 GHz,True,8,16,100 W,AM4,False,https://www.amazon.ca/dp/B07B428M7F?tag=pckombo04b-20&linkCode=osi&th=1&psc=1
127,AMD Ryzen 7 3700X,$601.32 USD,AMD,100-100000071BOX,730143309974,730143309974.0,3.6 GHz,4.4 GHz,True,8,16,65 W,AM4,False,https://www.amazon.ca/dp/B08ZJB58JC?tag=pckombo04b-20&linkCode=osi&th=1&psc=1
128,AMD Ryzen 7 3800X,$433.96 USD,AMD,100-100000025BOX,730143309899,730143309899.0,3.9 GHz,4.5 GHz,True,8,16,105 W,AM4,False,https://www.amazon.ca/dp/B07Z1211CC?tag=pckombo04b-20&linkCode=osi&th=1&psc=1
129,AMD Ryzen 7 3800XT,$282.89 USD,AMD,100-100000279WOF,730143312264,,3.9 GHz,4.7 GHz,True,8,16,105 W,AM4,False,https://www.amazon.ca/dp/B089WCXZJC?tag=pckombo04b-20&linkCode=osi&th=1&psc=1
130,AMD Ryzen 9 3900X,$570.33 USD,AMD,100-100000023BOX,730143309950,,3.8 GHz,4.6 GHz,True,12,24,105 W,AM4,False,https://www.amazon.ca/dp/B07SXMZLP9?tag=pckombo04b-20&linkCode=osi&th=1&psc=1
132,AMD Ryzen 9 3950X,$735.59 USD,AMD,100-100000051WOF,730143311809,,3.5 GHz,4.7 GHz,True,16,32,105 W,AM4,False,https://www.amazon.ca/dp/B07ZTYKLZW?tag=pckombo04b-20&linkCode=osi&th=1&psc=1
133,AMD Ryzen 9 7900X3D,$507.04 USD,AMD,100-100000909WOF,730143314916,,4.4 GHz,5.6 GHz,False,12,24,120 W,AM5,Ryzen 7000 Graphics,https://www.amazon.ca/dp/B0BTRRNK7T?tag=pckombo04b-20&linkCode=osi&th=1&psc=1
134,AMD Ryzen 9 7950X3D,$550.55 USD,AMD,100-100000908WOF,730143314893,,4.2 GHz,5.7 GHz,False,16,32,120 W,AM5,Ryzen 7000 Graphics,https://www.amazon.ca/dp/B0BTRH9MNS?tag=pckombo04b-20&linkCode=osi&th=1&psc=1
135,AMD Ryzen Threadripper 1900X,$194.56 USD,AMD,YD190XA8AEWOF,730143309042,,3.8 GHz,4.0 GHz,True,8,16,180 W,TR4,False,https://www.amazon.ca/dp/B0754JNQBP?tag=pckombo04b-20&linkCode=osi&th=1&psc=1
136,AMD Ryzen Threadripper 1920X,$284.33 USD,AMD,YD192XA8AEWOF,730143308786,,3.5 GHz,4.0 GHz,True,12,24,180 W,TR4,False,https://www.amazon.ca/AMD-Threadripper-24-thread-Processor-YD192XA8AEWOF/dp/B074CBJHCT?psc=1&SubscriptionId=AKIAI7B523DQIKTQ3BRQ&tag=pckombo04b-20&linkCode=xm2&camp=2025&creative=165953&creativeASIN=B074CBJHCT
137,AMD Ryzen Threadripper 1950X,$513.47 USD,AMD,YD195XA8AEWOF,730143308755,730143308755.0,3.4 GHz,4.0 GHz,True,16,32,180 W,TR4,False,https://www.amazon.ca/AMD-Threadripper-32-thread-Processor-YD195XA8AEWOF/dp/B074CBH3R4?psc=1&SubscriptionId=AKIAI7B523DQIKTQ3BRQ&tag=pckombo04b-20&linkCode=xm2&camp=2025&creative=165953&creativeASIN=B074CBH3R4
138,AMD Ryzen Threadripper 2920X,$569.62 USD,AMD,YD292XA8AFWOF,730143309417,730143309417.0,3.5 GHz,4.3 GHz,True,12,24,180 W,TR4,False,https://www.amazon.ca/dp/B07JDF4QP2?tag=pckombo04b-20&linkCode=osi&th=1&psc=1
139,AMD Ryzen Threadripper 2950X,$785.71 USD,AMD,YD295XA8AFWOF,730143309301,730143309301.0,3.5 GHz,4.4 GHz,True,16,32,180 W,TR4,False,https://www.amazon.ca/dp/B07GFN6CVF?tag=pckombo04b-20&linkCode=osi&th=1&psc=1
140,AMD Ryzen Threadripper 2970WX,$1182.35 USD,AMD,YD297XAZAFWOF,730143309400,730143309400.0,3.0 GHz,4.2 GHz,True,24,48,250 W,TR4,False,https://www.amazon.ca/dp/B07JBQJ1D9?tag=pckombo04b-20&linkCode=osi&th=1&psc=1
141,AMD Ryzen Threadripper 2990WX,$797.91 USD,AMD,YD299XAZAFWOF,730143309288,730143309288.0,3.0 GHz,4.0 GHz,True,32,64,250 W,TR4,False,https://www.amazon.ca/dp/B07G25SD1P?tag=pckombo04b-20&linkCode=osi&th=1&psc=1
142,AMD Ryzen Threadripper Pro 3955WX,$979.25 USD,AMD,100-100000167WOF,730143312950,,3.9 GHz,4.3 GHz,False,16,32,280 W,sWRX80,False,https://www.amazon.ca/dp/B08V5J11BD?tag=pckombo04b-20&linkCode=osi&th=1&psc=1
143,AMD Ryzen Threadripper Pro 3975WX,$2756.42 USD,AMD,100-100000086WOF,730143312943,,3.5 GHz,4.2 GHz,False,32,64,280 W,sWRX80,False,https://www.amazon.ca/dp/B08V5H7GPM?tag=pckombo04b-20&linkCode=osi&th=1&psc=1
144,AMD Ryzen Threadripper Pro 3995WX,$4968.82 USD,AMD,100-100000087WOF,730143312936,,2.7 GHz,4.2 GHz,False,64,128,280 W,sWRX80,False,https://www.amazon.ca/dp/B08V5HPXVY?tag=pckombo04b-20&linkCode=osi&th=1&psc=1
145,AMD Ryzen Threadripper Pro 5955WX,$1022.04 USD,AMD,100-100000447WOF,730143314626,,4.0 GHz,4.5 GHz,False,16,32,280 W,sWRX8,False,https://www.amazon.ca/dp/B0BFVVC89M?tag=pckombo04b-20&linkCode=osi&th=1&psc=1
146,AMD Ryzen Threadripper Pro 5965WX,$2255.18 USD,AMD,100-100000446WOF,730143314404,,3.8 GHz,4.5 GHz,False,24,48,280 W,sWRX8,False,https://www.amazon.ca/dp/B0B5VJHT7L?tag=pckombo04b-20&linkCode=osi&th=1&psc=1
147,AMD Ryzen Threadripper Pro 5975WX,$3125.63 USD,AMD,100-100000445WOF,730143314381,,3.6 GHz,4.5 GHz,False,32,64,280 W,sWRX8,False,https://www.amazon.ca/dp/B0B5VH1WPC?tag=pckombo04b-20&linkCode=osi&th=1&psc=1
148,AMD Ryzen Threadripper Pro 5995WX,$6244.74 USD,AMD,100-100000444WOF,730143314367,,2.7 GHz,4.5 GHz,False,64,128,280 W,sWRX8,False,https://www.amazon.ca/dp/B0B5VLPVL5?tag=pckombo04b-20&linkCode=osi&th=1&psc=1
149,Intel Celeron G1840,$47.15 USD,Intel,BX80646G1840,5032037062534,,2.8 GHz,GHz,False,2,2,54 W,1150,False,https://www.amazon.ca/dp/B00J2LIE9C?tag=pckombo04b-20&linkCode=osi&th=1&psc=1
157,Intel Core i3-13100,$137.81 USD,Intel,BX8071513100,5032037260312,735858528351.0,3.4 GHz,GHz,False,4,8,60 W,1700,False,https://www.amazon.ca/dp/B0BQ6CTTMK?tag=pckombo04b-20&linkCode=osi&th=1&psc=1
158,Intel Core i3-13100F,$116.05 USD,Intel,BX8071513100F,5032037260336,735858528375.0,3.4 GHz,GHz,False,4,8,58 W,1700,False,https://www.amazon.ca/dp/B0BQ6BCWC4?tag=pckombo04b-20&linkCode=osi&th=1&psc=1
164,Intel Core i3-6100,$114.6 USD,Intel,BX80662I36100,5032037079051,735858305532.0,3.7 GHz,GHz,False,2,4,47 W,1151,Intel HD 530,https://www.amazon.ca/Intel-BX80662I36100-6th-Generation-i3-6100-Processor/dp/B015VPX2EO?psc=1&SubscriptionId=AKIAI7B523DQIKTQ3BRQ&tag=pckombo04b-20&linkCode=xm2&camp=2025&creative=165953&creativeASIN=B015VPX2EO
165,Intel Core i3-6100T,$126.83 USD,Intel,BX80662I36100T,5032037079112,,3.2 GHz,GHz,False,2,4,35 W,1151,False,https://www.amazon.ca/Intel-Corp-BX80662I36100T-6100T-Processor/dp/B015XEXILK?psc=1&SubscriptionId=AKIAI7B523DQIKTQ3BRQ&tag=pckombo04b-20&linkCode=xm2&camp=2025&creative=165953&creativeASIN=B015XEXILK
166,Intel Core i3-6300,$137.79 USD,Intel,BX80662I36300,5032037078870,,3.8 GHz,GHz,False,2,4,47 W,1151,Intel HD 530,https://www.amazon.ca/Intel-BX80662I36300-Boxed-i3-6300-Processor-LGA1151/dp/B015VPX3G6?SubscriptionId=AKIAI7B523DQIKTQ3BRQ&tag=pckombo04b-20&linkCode=xm2&camp=2025&creative=165953&creativeASIN=B015VPX3G6
168,Intel Core i3-6320,$194.63 USD,Intel,BX80662I36320,5032037080095,,3.9 GHz,GHz,False,2,4,47 W,1151,Intel HD 530,https://www.amazon.ca/Intel-BX80662I36320-Boxed-Core-i3-6320-Processor/dp/B015VPX48I?SubscriptionId=AKIAI7B523DQIKTQ3BRQ&tag=pckombo04b-20&linkCode=xm2&camp=2025&creative=165953&creativeASIN=B015VPX48I
169,Intel Core i3-7100,$117.87 USD,Intel,BX80677I37100,5032037096171,735858330107.0,3.9 GHz,GHz,False,2,4,51 W,1151,Intel HD 630,https://www.amazon.ca/Intel-BX80677I37100-Generation-i3-7100-Processor/dp/B01NCESRJX?psc=1&SubscriptionId=AKIAI7B523DQIKTQ3BRQ&tag=pckombo04b-20&linkCode=xm2&camp=2025&creative=165953&creativeASIN=B01NCESRJX
171,Intel Core i3-7300,$151.35 USD,Intel,BX80677I37300,5032037096232,,4.0 GHz,GHz,False,2,4,51 W,1151,Intel HD 630,https://www.amazon.ca/Intel-BX80677I37300-Core-Desktop-Processors/dp/B01N59LL8R?psc=1&SubscriptionId=AKIAI7B523DQIKTQ3BRQ&tag=pckombo04b-20&linkCode=xm2&camp=2025&creative=165953&creativeASIN=B01N59LL8R
172,Intel Core i3-7300T,$159.46 USD,Intel,BX80677I37300T,5032037096782,,3.5 GHz,GHz,False,2,4,35 W,1151,False,https://www.amazon.ca/Core-i3-7300T-Processor-BX80677I37300T/dp/B01N1SH0IU?SubscriptionId=AKIAI7B523DQIKTQ3BRQ&tag=pckombo04b-20&linkCode=xm2&camp=2025&creative=165953&creativeASIN=B01N1SH0IU
173,Intel Core i3-7320,$153.77 USD,Intel,BX80677I37320,5032037095570,,4.1 GHz,GHz,False,2,4,51 W,1151,False,https://www.amazon.ca/Intel-BX80677I37320-Core-Desktop-Processors/dp/B01MSTCUY8?SubscriptionId=AKIAI7B523DQIKTQ3BRQ&tag=pckombo04b-20&linkCode=xm2&camp=2025&creative=165953&creativeASIN=B01MSTCUY8
174,Intel Core i3-7350K,$163.56 USD,Intel,BX80677I37350K,5032037095518,,4.2 GHz,GHz,True,2,4,60 W,1151,Intel HD 630,https://www.amazon.ca/Intel-BX80677I37350K-Generation-Desktop-Processor/dp/B01NCEJN24?psc=1&SubscriptionId=AKIAI7B523DQIKTQ3BRQ&tag=pckombo04b-20&linkCode=xm2&camp=2025&creative=165953&creativeASIN=B01NCEJN24
175,Intel Core i3-8100,$166.81 USD,Intel,BX80684I38100,5032037107501,735858348430.0,3.6 GHz,GHz,False,4,4,65 W,1151,Intel UHD 630,https://www.amazon.ca/dp/B0759FTRZL?tag=pckombo04b-20&linkCode=osi&th=1&psc=1
176,Intel Core i3-8300,$164.01 USD,Intel,BX80684I38300,5032037121804,735858367479.0,3.7 GHz,GHz,False,4,4,62 W,1151,False,https://www.amazon.ca/Intel-BX80684I38300-i3-8300-Processor-LGA-1151/dp/B0793DCQLG?psc=1&SubscriptionId=AKIAI7B523DQIKTQ3BRQ&tag=pckombo04b-20&linkCode=xm2&camp=2025&creative=165953&creativeASIN=B0793DCQLG
177,Intel Core i3-8350K,$391.46 USD,Intel,BX80684I38350K,5032037107716,,4.0 GHz,GHz,True,4,4,91 W,1151,Intel UHD 630,https://www.amazon.ca/dp/B08BSNDQ4W?tag=pckombo04b-20&linkCode=osi&th=1&psc=1
178,Intel Core i3-9100,$137.66 USD,Intel,BX80684I39100,5032037156264,,3.6 GHz,4.2 GHz,False,4,4,65 W,1151,Intel UHD 630,https://www.amazon.ca/Intel-i3-9100-Desktop-Processor-LGA1151/dp/B07RXW4Y2K?psc=1&SubscriptionId=AKIAI7B523DQIKTQ3BRQ&tag=pckombo04b-20&linkCode=xm2&camp=2025&creative=165953&creativeASIN=B07RXW4Y2K
179,Intel Core i3-9100F,$100.97 USD,Intel,BX80684I39100F,5032037158015,,3.6 GHz,4.2 GHz,False,4,4,65 W,1151,False,https://www.amazon.ca/Intel-i3-9100F-Desktop-Processor-Graphics/dp/B07R7Q3JZH?SubscriptionId=AKIAI7B523DQIKTQ3BRQ&tag=pckombo04b-20&linkCode=xm2&camp=2025&creative=165953&creativeASIN=B07R7Q3JZH
183,Intel Core i5-10400,$163.2 USD,Intel,BX8070110400,5032037187138,,2.9 GHz,4.0 GHz,False,6,12,65 W,1200,Intel UHD 630,https://www.amazon.ca/dp/B086MN38Q2?tag=pckombo04b-20&linkCode=osi&th=1&psc=1
189,Intel Core i5-11400,$347.43 USD,Intel,BX8070811400,5032037214902,735858477239.0,2.6 GHz,GHz,False,6,12,65 W,1200,Intel UHD 730,https://www.amazon.ca/dp/B09C1JCC2H?tag=pckombo04b-20&linkCode=osi&th=1&psc=1
193,Intel Core i5-11600K,$276.74 USD,Intel,BX8070811600K,5032037214926,,3.9 GHz,GHz,True,6,12,125 W,1200,Intel UHD 750,https://www.amazon.ca/dp/B08TX3M96F?tag=pckombo04b-20&linkCode=osi&th=1&psc=1
195,Intel Core i5-13500,$238.65 USD,Intel,BX8071513500,5032037260251,735858528290.0,2.5 GHz,GHz,False,6,12,65 W,1700,False,https://www.amazon.ca/dp/B0BQ6CFDCX?tag=pckombo04b-20&linkCode=osi&th=1&psc=1
202,Intel Core i5-4690,$227.56 USD,Intel,BX80646I54690,5032037061193,,3.5 GHz,3.9 GHz,False,4,4,84 W,1150,Intel HD 4600,https://www.amazon.ca/Intel-i5-4690-Processor-Cache-BX80646I54690/dp/B00JST2QEW?SubscriptionId=AKIAI7B523DQIKTQ3BRQ&tag=pckombo04b-20&linkCode=xm2&camp=2025&creative=165953&creativeASIN=B00JST2QEW
206,Intel Core i5-6402P,$184.24 USD,Intel,BX80662I56402P,5032037084116,,GHz,GHz,False,4,4,65 W,1151,False,https://www.amazon.ca/Intel-BX80662I56402P-i5-6402P-Quad-Core-Processor/dp/B01B2PJRN2?SubscriptionId=AKIAI7B523DQIKTQ3BRQ&tag=pckombo04b-20&linkCode=xm2&camp=2025&creative=165953&creativeASIN=B01B2PJRN2
207,Intel Core i5-6500,$202.04 USD,Intel,BX80662I56500,5032037076500,,3.2 GHz,3.6 GHz,False,4,4,65 W,1151,Intel HD 530,https://www.amazon.ca/dp/B010T6CWI2?tag=pckombo04b-20&linkCode=osi&th=1&psc=1
208,Intel Core i5-6600,$238.64 USD,Intel,BX80662I56600,5032037076081,,3.3 GHz,3.9 GHz,False,4,4,65 W,1151,Intel HD 530,https://www.amazon.ca/Intel-BX80662I56600-Generation-I5-6600-Processor/dp/B010T6D39O?SubscriptionId=AKIAI7B523DQIKTQ3BRQ&tag=pckombo04b-20&linkCode=xm2&camp=2025&creative=165953&creativeASIN=B010T6D39O
209,Intel Core i5-6600K,$226.51 USD,Intel,BX80662I56600K,5032037076142,,3.5 GHz,3.9 GHz,True,4,4,91 W,1151,Intel HD 530,https://www.amazon.ca/Intel-BX80662I56600K-6th-Generation-Desktop-Processor/dp/B012M8M7TY?psc=1&SubscriptionId=AKIAI7B523DQIKTQ3BRQ&tag=pckombo04b-20&linkCode=xm2&camp=2025&creative=165953&creativeASIN=B012M8M7TY
210,Intel Core i5-7400,$199.81 USD,Intel,BX80677I57400,5032037092982,735858326254.0,3.0 GHz,3.5 GHz,False,4,4,65 W,1151,Intel HD 630,https://www.amazon.ca/dp/B01MSTDS3N?tag=pckombo04b-20&linkCode=osi&th=1&psc=1
211,Intel Core i5-7500,$264.49 USD,Intel,BX80677I57500,5032037092920,735858326193.0,3.4 GHz,3.8 GHz,False,4,4,65 W,1151,Intel HD 630,https://www.amazon.ca/dp/B01MSDHPL9?tag=pckombo04b-20&linkCode=osi&th=1&psc=1
212,Intel Core i5-7600,$219.78 USD,Intel,BX80677I57600,5032037092869,,3.5 GHz,4.1 GHz,False,4,4,65 W,1151,Intel HD 630,https://www.amazon.ca/Intel-BX80677I57600-7th-Generation-i5-7600-Processor/dp/B01MYTYSMK?psc=1&SubscriptionId=AKIAI7B523DQIKTQ3BRQ&tag=pckombo04b-20&linkCode=xm2&camp=2025&creative=165953&creativeASIN=B01MYTYSMK
213,Intel Core i5-7600K,$242.48 USD,Intel,BX80677I57600K,5032037092807,735858326070.0,3.8 GHz,4.2 GHz,True,4,4,91 W,1151,Intel HD 630,https://www.amazon.ca/Intel-i5-7600K-Desktop-Processors-BX80677I57600K/dp/B01MRRPPQS?psc=1&SubscriptionId=AKIAI7B523DQIKTQ3BRQ&tag=pckombo04b-20&linkCode=xm2&camp=2025&creative=165953&creativeASIN=B01MRRPPQS
214,Intel Core i5-7640X,$210.35 USD,Intel,BX80677I57640X,5032037102483,,4.0 GHz,4.2 GHz,True,4,4,112 W,2066,False,https://www.amazon.ca/Intel-i5-7640X-Processor-Unlocked-LGA2066/dp/B071KMBHS8?psc=1&SubscriptionId=AKIAI7B523DQIKTQ3BRQ&tag=pckombo04b-20&linkCode=xm2&camp=2025&creative=165953&creativeASIN=B071KMBHS8
215,Intel Core i5-8400,$235.75 USD,Intel,BX80684I58400,5032037108904,,2.8 GHz,4.0 GHz,False,6,6,65 W,1151,Intel UHD 630,https://www.amazon.ca/dp/B0759FGJ3Q?tag=pckombo04b-20&linkCode=osi&th=1&psc=1
216,Intel Core i5-8500,$453.16 USD,Intel,BX80684I58500,5032037121743,735858367417.0,3.0 GHz,4.1 GHz,False,6,6,65 W,1151,Intel UHD 630,https://www.amazon.ca/dp/B08BSM9BZC?tag=pckombo04b-20&linkCode=osi&th=1&psc=1
217,Intel Core i5-8600,$224.12 USD,Intel,BX80684I58600,5032037121675,735858367349.0,3.1 GHz,4.3 GHz,False,6,6,65 W,1151,Intel UHD 630,https://www.amazon.ca/Intel%C2%AE-i5-8600-Desktop-Processor-LGA1151/dp/B0793CD3V2?psc=1&SubscriptionId=AKIAI7B523DQIKTQ3BRQ&tag=pckombo04b-20&linkCode=xm2&camp=2025&creative=165953&creativeASIN=B0793CD3V2
218,Intel Core i5-8600K,$440.28 USD,Intel,BX80684I58600K,5032037108782,735858350365.0,3.6 GHz,4.3 GHz,True,6,6,95 W,1151,Intel UHD 630,https://www.amazon.ca/dp/B08BSM4LK2?tag=pckombo04b-20&linkCode=osi&th=1&psc=1
219,Intel Core i5-9400,$239.65 USD,Intel,BX80684I59400,5032037140225,735858392549.0,2.9 GHz,4.1 GHz,False,6,6,65 W,1151,Intel UHD 630,https://www.amazon.ca/dp/B07MGZ9FJZ?tag=pckombo04b-20&linkCode=osi&th=1&psc=1
220,Intel Core i5-9400F,$190.81 USD,Intel,BX80684I59400F,5032037150354,735858406079.0,2.9 GHz,4.1 GHz,False,6,6,65 W,1151,False,https://www.amazon.ca/dp/B07MRCGQQ4?tag=pckombo04b-20&linkCode=osi&th=1&psc=1
223,Intel Core i5-9600K,$174.08 USD,Intel,BX80684I59600K,5032037140171,735858392488.0,3.7 GHz,GHz,True,6,6,95 W,1151,Intel UHD 630,https://www.amazon.ca/dp/B07HHLX1R8?tag=pckombo04b-20&linkCode=osi&th=1&psc=1
224,Intel Core i5-9600KF,$239.34 USD,Intel,BX80684I59600KF,5032037151818,,3.7 GHz,4.6 GHz,True,6,6,95 W,1151,False,https://www.amazon.ca/dp/B07MQP5LNM?tag=pckombo04b-20&linkCode=osi&th=1&psc=1
226,Intel Core i7-10700F,$275.08 USD,Intel,BX8070110700F,5032037188760,,2.9 GHz,GHz,True,8,16,65 W,1200,False,https://www.amazon.ca/dp/B086MN2XYL?tag=pckombo04b-20&linkCode=osi&th=1&psc=1
230,Intel Core i7-11700K,$304.55 USD,Intel,BX8070811700K,5032037214964,,3.6 GHz,GHz,True,8,16,125 W,1200,Intel UHD 750,https://www.amazon.ca/dp/B08X6ND3WP?tag=pckombo04b-20&linkCode=osi&th=1&psc=1
232,Intel Core i7-12700F,$282.17 USD,Intel,BX8071512700F,5032037237826,735858503105.0,2.1 GHz,4.9 GHz,False,8,16,65 W,1700,False,https://www.amazon.ca/dp/B09NPJDPVG?tag=pckombo04b-20&linkCode=osi&th=1&psc=1
233,Intel Core i7-12700KF,$282.17 USD,Intel,BX8071512700KF,5032037234047,735858498982.0,3.6 GHz,5.0 GHz,True,8,16,125 W,1700,False,https://www.amazon.ca/dp/B09FXKHN7M?tag=pckombo04b-20&linkCode=osi&th=1&psc=1
241,Intel Core i7-5820K,$466.34 USD,Intel,BX80648I75820K,5032037065702,735858285490.0,3.3 GHz,3.6 GHz,True,6,12,140 W,2011-V3,False,https://www.amazon.ca/Intel-BX80648I75820K-Core-i7-5820K-Desktop-Processor/dp/B00MMLXIKY?psc=1&SubscriptionId=AKIAI7B523DQIKTQ3BRQ&tag=pckombo04b-20&linkCode=xm2&camp=2025&creative=165953&creativeASIN=B00MMLXIKY
244,Intel Core i7-6700,$320.91 USD,Intel,BX80662I76700,5032037077187,,3.4 GHz,4.0 GHz,False,4,8,65 W,1151,Intel HD 530,https://www.amazon.ca/dp/B0136JONG8?tag=pckombo04b-20&linkCode=osi&th=1&psc=1
245,Intel Core i7-6700K,$337.18 USD,Intel,BX80662I76700K,5032037076685,735858301619.0,4.0 GHz,4.2 GHz,True,4,8,91 W,1151,Intel HD 530,https://www.amazon.ca/Intel-Quad-Core-FCLGA1151-Processor-BX80662I76700K/dp/B012M8LXQW?psc=1&SubscriptionId=AKIAI7B523DQIKTQ3BRQ&tag=pckombo04b-20&linkCode=xm2&camp=2025&creative=165953&creativeASIN=B012M8LXQW
246,Intel Core i7-6800K,$432.82 USD,Intel,BX80671I76800K,5032037087131,,3.4 GHz,3.6 GHz,True,6,12,140 W,2011-V3,False,https://www.amazon.ca/Intel-BX80671I76800K-Boxed-Core-i7-6800K-Processor/dp/B01FJLA8NI?SubscriptionId=AKIAI7B523DQIKTQ3BRQ&tag=pckombo04b-20&linkCode=xm2&camp=2025&creative=165953&creativeASIN=B01FJLA8NI
247,Intel Core i7-6850K,$594.8 USD,Intel,BX80671I76850K,5032037087193,735858317689.0,3.6 GHz,3.8 GHz,True,6,12,140 W,2011-V3,False,https://www.amazon.ca/Intel-BX80671I76850K-Boxed-i7-6850K-Processor/dp/B01FJLAITC?psc=1&SubscriptionId=AKIAI7B523DQIKTQ3BRQ&tag=pckombo04b-20&linkCode=xm2&camp=2025&creative=165953&creativeASIN=B01FJLAITC
248,Intel Core i7-6900K,$584.44 USD,Intel,BX80671I76900K,5032037087490,,3.2 GHz,3.7 GHz,True,8,16,140 W,2011-V3,False,https://www.amazon.ca/Intel-BX80671I76900K-Boxed-Core-i7-6900K-Processor/dp/B01FJLAIG0?SubscriptionId=AKIAI7B523DQIKTQ3BRQ&tag=pckombo04b-20&linkCode=xm2&camp=2025&creative=165953&creativeASIN=B01FJLAIG0
249,Intel Core i7-6950X,$1639.34 USD,Intel,BX80671I76950X,5032037087551,735858318044.0,3.0 GHz,3.5 GHz,True,10,20,140 W,2011-V3,False,https://www.amazon.ca/dp/B01FJLA9IM?tag=pckombo04b-20&linkCode=osi&th=1&psc=1
250,Intel Core i7-7700,$322.06 USD,Intel,BX80677I77700,5032037092623,735858325899.0,3.6 GHz,4.2 GHz,False,4,8,65 W,1151,Intel HD 630,https://www.amazon.ca/Intel-BX80677I77700-Generation-i7-7700-Processor/dp/B01N0L41N7?psc=1&SubscriptionId=AKIAI7B523DQIKTQ3BRQ&tag=pckombo04b-20&linkCode=xm2&camp=2025&creative=165953&creativeASIN=B01N0L41N7
251,Intel Core i7-7700K,$414.02 USD,Intel,BX80677I77700K,5032037092562,735858325837.0,4.2 GHz,4.5 GHz,True,4,8,91 W,1151,Intel HD 630,https://www.amazon.ca/dp/B072RC5PNJ?tag=pckombo04b-20&linkCode=osi&th=1&psc=1
252,Intel Core i7-7740X,$337.98 USD,Intel,BX80677I77740X,5032037102421,,4.3 GHz,4.5 GHz,True,4,8,112 W,2066,False,https://www.amazon.ca/Intel-i5-7640X-Quad-Core-Processor-BX80677I77740X/dp/B072KTRQ9G?psc=1&SubscriptionId=AKIAI7B523DQIKTQ3BRQ&tag=pckombo04b-20&linkCode=xm2&camp=2025&creative=165953&creativeASIN=B072KTRQ9G
253,Intel Core i7-7800X,$388.43 USD,Intel,BX80673I77800X,5032037105095,735858344302.0,3.5 GHz,GHz,True,6,12,140 W,2066,False,https://www.amazon.ca/Intel-BX80673I77800X-Core-i7-7800X-Processor/dp/B071H1B3Z1?psc=1&SubscriptionId=AKIAI7B523DQIKTQ3BRQ&tag=pckombo04b-20&linkCode=xm2&camp=2025&creative=165953&creativeASIN=B071H1B3Z1
254,Intel Core i7-7820X,$582.22 USD,Intel,BX80673I77820X,5032037104913,735858344128.0,3.6 GHz,4.5 GHz,True,8,16,140 W,2066,False,https://www.amazon.ca/Intel-BX80673I77820X-Core-i7-7820X-Processor/dp/B072NF4BY3?psc=1&SubscriptionId=AKIAI7B523DQIKTQ3BRQ&tag=pckombo04b-20&linkCode=xm2&camp=2025&creative=165953&creativeASIN=B072NF4BY3
255,Intel Core i7-8086K,$380.81 USD,Intel,BX80684I78086K,5032037131834,,4.0 GHz,5.0 GHz,True,6,12,95 W,1151,False,https://www.amazon.ca/Intel-i7-8086K-Desktop-Processor-Unlocked/dp/B07DGDWJ3P?psc=1&SubscriptionId=AKIAI7B523DQIKTQ3BRQ&tag=pckombo04b-20&linkCode=xm2&camp=2025&creative=165953&creativeASIN=B07DGDWJ3P
256,Intel Core i7-8700,$331.05 USD,Intel,BX80684I78700,5032037108591,735858350129.0,3.2 GHz,4.6 GHz,False,6,12,65 W,1151,Intel UHD 630,https://www.amazon.ca/Intel-BX80684I78700-Boxed-i7-8700-Processor/dp/B07598HLB4?psc=1&SubscriptionId=AKIAI7B523DQIKTQ3BRQ&tag=pckombo04b-20&linkCode=xm2&camp=2025&creative=165953&creativeASIN=B07598HLB4
257,Intel Core i7-8700K,$372.23 USD,Intel,BX80684I78700K,5032037108652,735858350181.0,3.7 GHz,4.7 GHz,True,6,12,95 W,1151,Intel UHD 630,https://www.amazon.ca/dp/B07598VZR8?tag=pckombo04b-20&linkCode=osi&th=1&psc=1
258,Intel Core i7-9700K,$384.44 USD,Intel,BX80684I79700K,675901709767,,3.6 GHz,GHz,True,8,8,125 W,1151,Intel UHD 630,https://www.amazon.ca/Intel-BX80684I79700K-i7-9700K-Processor-Unlocked/dp/B07HHN6KBZ?psc=1&SubscriptionId=AKIAI7B523DQIKTQ3BRQ&tag=pckombo04b-20&linkCode=xm2&camp=2025&creative=165953&creativeASIN=B07HHN6KBZ
259,Intel Core i7-9700KF,$450.2 USD,Intel,BX80684I79700KF,5032037151870,,3.6 GHz,4.9 GHz,True,8,8,95 W,1151,False,https://www.amazon.ca/dp/B07MJXYX62?tag=pckombo04b-20&linkCode=osi&th=1&psc=1
260,Intel Core i9-10850K,$317.85 USD,Intel,BX8070110850K,5032037198844,735858459273.0,3.6 GHz,5.2 GHz,True,10,20,125 W,1200,Intel UHD 630,https://www.amazon.ca/dp/B08DHRG2X9?tag=pckombo04b-20&linkCode=osi&th=1&psc=1
263,Intel Core i9-10900K,$462.75 USD,Intel,BX8070110900K,5032037188623,,3.7 GHz,5.3 GHz,True,10,20,125 W,1200,Intel UHD 630,https://www.amazon.ca/dp/B086MHSTVD?tag=pckombo04b-20&linkCode=osi&th=1&psc=1
270,Intel Core i9-11900F,$456.98 USD,Intel,BX8070811900F,5032037215626,735858478212.0,2.5 GHz,GHz,False,8,16,65 W,1200,False,https://www.amazon.ca/dp/B08X6KFM3N?tag=pckombo04b-20&linkCode=osi&th=1&psc=1
275,Intel Core i9-13900KS,$688.38 USD,Intel,BX8071513900KS,5032037262057,735858530477.0,3.2 GHz,3.0 GHz,True,8,16,125 W,1700,False,https://www.amazon.ca/dp/B0BPXCRWB2?tag=pckombo04b-20&linkCode=osi&th=1&psc=1
276,Intel Core i9-7900X,$1070.83 USD,Intel,BX80673I97900X,5032037104791,735858344005.0,3.3 GHz,4.5 GHz,True,10,20,140 W,2066,False,https://www.amazon.ca/dp/B072KTSCCS?tag=pckombo04b-20&linkCode=osi&th=1&psc=1
277,Intel Core i9-7920X,$1177.74 USD,Intel,BX80673I97920X,5032037107655,735858348669.0,2.9 GHz,4.4 GHz,True,12,24,140 W,2066,False,https://www.amazon.ca/dp/B0756L5T93?tag=pckombo04b-20&linkCode=osi&th=1&psc=1
278,Intel Core i9-7940X,$1365.93 USD,Intel,BX80673I97940X,5032037113748,735858356367.0,3.1 GHz,4.4 GHz,True,14,28,165 W,2066,False,https://www.amazon.ca/Intel-BX80673I97940X-Core-Processor/dp/B075ZP87QP?psc=1&SubscriptionId=AKIAI7B523DQIKTQ3BRQ&tag=pckombo04b-20&linkCode=xm2&camp=2025&creative=165953&creativeASIN=B075ZP87QP
279,Intel Core i9-7960X,$1540.52 USD,Intel,BX80673I97960X,5032037113816,,2.8 GHz,4.4 GHz,True,16,32,165 W,2066,False,https://www.amazon.ca/Intel-i9-7960X-16-Core-Processor-BX80673I97960X/dp/B075XRYMDS?psc=1&SubscriptionId=AKIAI7B523DQIKTQ3BRQ&tag=pckombo04b-20&linkCode=xm2&camp=2025&creative=165953&creativeASIN=B075XRYMDS
280,Intel Core i9-7980XE,$1970.84 USD,Intel,BX80673I97980X,5032037114905,,2.6 GHz,4.4 GHz,True,18,36,165 W,2066,False,https://www.amazon.ca/Intel-Core-i9-7980XE-Processors-BX80673I97980X/dp/B075XRYMDR?psc=1&SubscriptionId=AKIAI7B523DQIKTQ3BRQ&tag=pckombo04b-20&linkCode=xm2&camp=2025&creative=165953&creativeASIN=B075XRYMDR
281,Intel Core i9-9900K,$507.76 USD,Intel,BX80684I99900K,5032037140102,735858392433.0,3.6 GHz,5.0 GHz,True,8,16,160 W,1151,Intel UHD 630,https://www.amazon.ca/Intel-I9-9900K-Desktop-Processor-Unlocked/dp/B005404P9I?psc=1&SubscriptionId=AKIAI7B523DQIKTQ3BRQ&tag=pckombo04b-20&linkCode=xm2&camp=2025&creative=165953&creativeASIN=B005404P9I
282,Intel Core i9-9900KF,$349.48 USD,Intel,BX80684I99900KF,5032037151931,735858407823.0,3.6 GHz,5.0 GHz,True,8,16,95 W,1151,False,https://www.amazon.ca/dp/B07MGBZWDZ?tag=pckombo04b-20&linkCode=osi&th=1&psc=1
288,Intel Pentium G4400,$50.05 USD,Intel,BX80662G4400,5032037079655,735858306188.0,3.3 GHz,GHz,False,2,2,47 W,1151,Intel HD 510,https://www.amazon.ca/Intel-BX80662G4400-Pentium-Processor-G4400-3-3/dp/B015VPX05A?psc=1&SubscriptionId=AKIAI7B523DQIKTQ3BRQ&tag=pckombo04b-20&linkCode=xm2&camp=2025&creative=165953&creativeASIN=B015VPX05A
289,Intel Pentium G4500,$81.93 USD,Intel,BX80662G4500,5032037079471,,3.5 GHz,GHz,False,2,2,47 W,1151,False,https://www.amazon.ca/Intel-BX80662G4500-Processor-3-5-2/dp/B015VPX190?psc=1&SubscriptionId=AKIAI7B523DQIKTQ3BRQ&tag=pckombo04b-20&linkCode=xm2&camp=2025&creative=165953&creativeASIN=B015VPX190
292,Intel Pentium G4600,$110.27 USD,Intel,BX80677G4600,5032037095938,735858329866.0,3.6 GHz,GHz,False,2,4,51 W,1151,Intel HD 530,https://www.amazon.ca/Intel-BX80677G4600-Pentium-Desktop-Processors/dp/B01NADEVZI?SubscriptionId=AKIAI7B523DQIKTQ3BRQ&tag=pckombo04b-20&linkCode=xm2&camp=2025&creative=165953&creativeASIN=B01NADEVZI
295,Intel Pentium Gold G5400,$72.53 USD,Intel,BX80684G5400,5032037121491,735858367165.0,3.7 GHz,GHz,False,2,4,58 W,1151,Intel UHD 610,https://www.amazon.ca/Pentium%C2%AE-Desktop-Processor-LGA1151-BX80684G5400/dp/B0793BQS3R?psc=1&SubscriptionId=AKIAI7B523DQIKTQ3BRQ&tag=pckombo04b-20&linkCode=xm2&camp=2025&creative=165953&creativeASIN=B0793BQS3R
297,Intel Pentium Gold G5500,$97.98 USD,Intel,BX80684G5500,5032037121552,,3.8 GHz,GHz,False,2,4,54 W,1151,Intel UHD 610,https://www.amazon.ca/Pentium%C2%AE-Desktop-Processor-LGA1151-BX80684G5500/dp/B0793DYTCQ?psc=1&SubscriptionId=AKIAI7B523DQIKTQ3BRQ&tag=pckombo04b-20&linkCode=xm2&camp=2025&creative=165953&creativeASIN=B0793DYTCQ
298,Intel Pentium Gold G5600,$79.76 USD,Intel,BX80684G5600,5032037121613,,3.9 GHz,GHz,False,2,4,54 W,1151,Intel UHD 630,https://www.amazon.ca/Pentium%C2%AE-Desktop-Processor-LGA1151-BX80684G5600/dp/B0793GW74J?psc=1&SubscriptionId=AKIAI7B523DQIKTQ3BRQ&tag=pckombo04b-20&linkCode=xm2&camp=2025&creative=165953&creativeASIN=B0793GW74J
302,Intel Xeon E5-1620 V3,$346.33 USD,Intel,BX80644E51620V3,5032037065320,,3.5 GHz,3.6 GHz,False,4,8,140 W,2011-V3,False,https://www.amazon.ca/Intel-Processor-Xeon-E5-1620-LGA2011/dp/B00MU046J4?SubscriptionId=AKIAI7B523DQIKTQ3BRQ&tag=pckombo04b-20&linkCode=xm2&camp=2025&creative=165953&creativeASIN=B00MU046J4
307,Intel Xeon E5-2609 V4,$320.65 USD,Intel,BX80660E52609V4,5032037085557,735858314022.0,1.7 GHz,GHz,False,8,8,85 W,2011-V3,False,https://www.amazon.ca/Intel-Computer-CPU-1-7-BX80660E52609V4/dp/B01D5AGKNW?SubscriptionId=AKIAI7B523DQIKTQ3BRQ&tag=pckombo04b-20&linkCode=xm2&camp=2025&creative=165953&creativeASIN=B01D5AGKNW
308,Intel Xeon E5-2620 V3,$397.5 USD,Intel,BX80644E52620V3,5032037065597,,2.4 GHz,3.2 GHz,False,6,12,85 W,2011-V3,False,https://www.amazon.ca/Intel-Processor-Xeon-E5-2620-LGA2011/dp/B00M1BUUMO?SubscriptionId=AKIAI7B523DQIKTQ3BRQ&tag=pckombo04b-20&linkCode=xm2&camp=2025&creative=165953&creativeASIN=B00M1BUUMO
309,Intel Xeon E5-2620 V4,$398.22 USD,Intel,BX80660E52620V4,5032037085601,735858314077.0,2.1 GHz,3.0 GHz,False,8,16,85 W,2011-V3,False,https://www.amazon.ca/dp/B01CNKEY8S?tag=pckombo04b-20&linkCode=osi&th=1&psc=1
311,Intel Xeon E5-2630 V4,$683.38 USD,Intel,BX80660E52630V4,5032037085656,735858314121.0,2.2 GHz,3.1 GHz,False,0,20,85 W,2011-V3,False,https://www.amazon.ca/dp/B01D5AGOE2?tag=pckombo04b-20&linkCode=osi&th=1&psc=1
313,Intel Xeon E5-2640 V4,$964.39 USD,Intel,BX80660E52640V4,5032037085755,735858314220.0,2.4 GHz,3.4 GHz,False,0,20,90 W,2011-V3,False,https://www.amazon.ca/Intel-Computer-CPU-2-4-BX80660E52640V4/dp/B01CSIS7BK?SubscriptionId=AKIAI7B523DQIKTQ3BRQ&tag=pckombo04b-20&linkCode=xm2&camp=2025&creative=165953&creativeASIN=B01CSIS7BK
314,Intel Xeon E5-2650 V4,$1177.33 USD,Intel,BX80660E52650V4,5032037083072,735858310703.0,2.2 GHz,2.9 GHz,False,2,24,105 W,2011-V3,False,https://www.amazon.ca/dp/B01CNKEZ3C?tag=pckombo04b-20&linkCode=osi&th=1&psc=1
316,Intel Xeon E5-2660 V4,$414.46 USD,Intel,BX80660E52660V4,675901383707,735858310758.0,2.0 GHz,3.2 GHz,False,4,28,105 W,2011-V3,False,https://www.amazon.ca/Intel-Computer-CPU-2-0-BX80660E52660V4/dp/B01CNKEZVY?SubscriptionId=AKIAI7B523DQIKTQ3BRQ&tag=pckombo04b-20&linkCode=xm2&camp=2025&creative=165953&creativeASIN=B01CNKEZVY
320,Intel Xeon E5-2687W V3,$2356.01 USD,Intel,BX80644E52687V3,5032037064491,,3.1 GHz,3.5 GHz,False,0,20,160 W,2011-V3,False,https://www.amazon.ca/Intel-Processor-LGA2011-3-E5-2687WV3-BX80644E52687V3/dp/B00NB0V10E?SubscriptionId=AKIAI7B523DQIKTQ3BRQ&tag=pckombo04b-20&linkCode=xm2&camp=2025&creative=165953&creativeASIN=B00NB0V10E
