,Name,Price,Producer,MPN,EAN,UPC,Form Factor,Size,RPM,Cache,Product Page
4,Toshiba DT01ACA100 1TB 32MB,$65.49 USD,Toshiba,DT01ACA100,608729688839,696859078965.0,,1 TB,7200.0,,https://www.amazon.ca/Toshiba-3-5-Inch-Internal-Drive-DT01ACA100/dp/B00AV5FEV4?SubscriptionId=AKIAI7B523DQIKTQ3BRQ&tag=pckombo04b-20&linkCode=xm2&camp=2025&creative=165953&creativeASIN=B00AV5FEV4
5,Toshiba P300 HDWD110EZSTA 1TB 64MB,$18.88 USD,Toshiba,HDWD110EZSTA,4051528202670,,,1 TB,7200.0,,https://www.amazon.ca/1868806-Flexible-Cable-Black-White/dp/B0140Z4P7Y?psc=1&SubscriptionId=AKIAI7B523DQIKTQ3BRQ&tag=pckombo04b-20&linkCode=xm2&camp=2025&creative=165953&creativeASIN=B0140Z4P7Y
7,HGST Ultrastar He6,$466.85 USD,HGST,0F18335,672042149803,,,6 TB,7200.0,,https://www.amazon.ca/Ultrastar-Enterprise-Internal-Drive-Cache/dp/B00GTD3AR2?SubscriptionId=AKIAI7B523DQIKTQ3BRQ&tag=pckombo04b-20&linkCode=xm2&camp=2025&creative=165953&creativeASIN=B00GTD3AR2
8,HGST Ultrastar He8,$491.18 USD,HGST,0F23267,8717306633901,,,8 TB,7200.0,,https://www.amazon.ca/Western-Digital-Ultrastar-3-5-Inch-0F23267/dp/B00NP6AOCK?psc=1&SubscriptionId=AKIAI7B523DQIKTQ3BRQ&tag=pckombo04b-20&linkCode=xm2&camp=2025&creative=165953&creativeASIN=B00NP6AOCK
14,Seagate BarraCuda Compute Hard Drive 2 TB,$43.52 USD,Seagate,ST2000DM008,763649113653,763649113653.0,"3.5""",2 TB,7200.0,256.0,https://www.amazon.ca/dp/B07H2RR55Q?tag=pckombo04b-20&linkCode=osi&th=1&psc=1
16,Seagate Barracuda Hard Drive,$48.67 USD,Seagate,ST1000DM003,7636490025914,,,1 TB,7200.0,64.0,https://www.amazon.ca/Seagate-Desktop-HDD-Hard-Drive/dp/B01KALOV08?SubscriptionId=AKIAI7B523DQIKTQ3BRQ&tag=pckombo04b-20&linkCode=xm2&camp=2025&creative=165953&creativeASIN=B01KALOV08
17,Seagate BarraCuda Hard Drive,$54.4 USD,Seagate,ST2000DM006,763649110218,,,2 TB,7200.0,,https://www.amazon.ca/Seagate-BarraCuda-3-5-Inch-Internal-ST2000DM006/dp/B01IEKG402?psc=1&SubscriptionId=AKIAI7B523DQIKTQ3BRQ&tag=pckombo04b-20&linkCode=xm2&camp=2025&creative=165953&creativeASIN=B01IEKG402
18,Seagate BarraCuda Hard Drive,$84.78 USD,Seagate,ST3000DM008,763649110225,,,3 TB,7200.0,,https://www.amazon.ca/dp/B01IEKG4NE?tag=pckombo04b-20&linkCode=osi&th=1&psc=1
19,Seagate Barracuda Hard Drive,$112.71 USD,Seagate,ST2000DM001,7636490026003,,,2 TB,7200.0,64.0,https://www.amazon.ca/Seagate-ST2000DM001-Drives-Cache-Internal/dp/B00EG1T898?SubscriptionId=AKIAI7B523DQIKTQ3BRQ&tag=pckombo04b-20&linkCode=xm2&camp=2025&creative=165953&creativeASIN=B00EG1T898
20,Seagate BarraCuda Hard Drive 1 TB,$42.06 USD,Seagate,ST1000DM010,763649098240,763649110928.0,"3.5""",1 TB,7200.0,64.0,https://www.amazon.ca/dp/B07D99KFPK?tag=pckombo04b-20&linkCode=osi&th=1&psc=1
21,Seagate BarraCuda Hard Drive 1 TB,$51.86 USD,Seagate,ST1000LM048,763649098301,763649110980.0,"2.5""",1 TB,5400.0,128.0,https://www.amazon.ca/dp/B01LYNQXCP?tag=pckombo04b-20&linkCode=osi&th=1&psc=1
24,Seagate BarraCuda Hard Drive 3 TB,$87.04 USD,Seagate,ST3000DM007,7636490078170,763649090855.0,"3.5""",3 TB,5400.0,256.0,https://www.amazon.ca/dp/B075YPRCWC?tag=pckombo04b-20&linkCode=osi&th=1&psc=1
26,Seagate BarraCuda Hard Drive 4 TB,$89.48 USD,Seagate,ST4000DM004,763649094402,763649094402.0,"3.5""",4 TB,5400.0,256.0,https://www.amazon.ca/Seagate-Barracuda-Internal-Computer-ST4000DM004/dp/B071WLPRHN?psc=1&SubscriptionId=AKIAI7B523DQIKTQ3BRQ&tag=pckombo04b-20&linkCode=xm2&camp=2025&creative=165953&creativeASIN=B071WLPRHN
27,Seagate BarraCuda Hard Drive 5 TB,$195.02 USD,Seagate,ST5000LM000,763649078969,763649078969.0,"2.5""",5 TB,5400.0,128.0,https://www.amazon.ca/Seagate-BarraCuda-Internal-Hard-Drive/dp/B01M0AADIX?psc=1&SubscriptionId=AKIAI7B523DQIKTQ3BRQ&tag=pckombo04b-20&linkCode=xm2&camp=2025&creative=165953&creativeASIN=B01M0AADIX
28,Seagate BarraCuda Hard Drive 6 TB,$137.08 USD,Seagate,ST6000DM003,763649094426,763649094426.0,"3.5""",6 TB,5400.0,256.0,https://www.amazon.ca/dp/B075WX2TKM?tag=pckombo04b-20&linkCode=osi&th=1&psc=1
29,Seagate BarraCuda Hard Drive 8 TB,$141.44 USD,Seagate,ST8000DM004,763649094419,763649094419.0,"3.5""",8 TB,5400.0,256.0,https://www.amazon.ca/Seagate-Barracuda-Internal-3-5-Inch-ST8000DM004/dp/B075WYBQXJ?psc=1&SubscriptionId=AKIAI7B523DQIKTQ3BRQ&tag=pckombo04b-20&linkCode=xm2&camp=2025&creative=165953&creativeASIN=B075WYBQXJ
32,Seagate BarraCuda Pro Hard Drive,$293.69 USD,Seagate,ST8000DM0004,763649116401,763649116401.0,"3.5""",8 TB,7.2,256.0,https://www.amazon.ca/Seagate-ST8000DM0004-Drives-Cache-Internal/dp/B06Y6CCSVW?SubscriptionId=AKIAI7B523DQIKTQ3BRQ&tag=pckombo04b-20&linkCode=xm2&camp=2025&creative=165953&creativeASIN=B06Y6CCSVW
33,Seagate BarraCuda Pro Hard Drive 1 TB,$58.02 USD,Seagate,ST1000LM049,763649115756,763649115756.0,"2.5""",1 TB,7200.0,128.0,https://www.amazon.ca/Seagate-ST1000LM049-Drives-Cache-Internal/dp/B078TJ17QF?SubscriptionId=AKIAI7B523DQIKTQ3BRQ&tag=pckombo04b-20&linkCode=xm2&camp=2025&creative=165953&creativeASIN=B078TJ17QF
34,Seagate BarraCuda Pro Hard Drive 12 TB,$436.31 USD,Seagate,ST12000DM0007,763649103197,763649117330.0,"3.5""",12 TB,7200.0,256.0,https://www.amazon.ca/Seagate-ST12000DM0007-Drives-12000-Internal/dp/B078SXT4ZK?SubscriptionId=AKIAI7B523DQIKTQ3BRQ&tag=pckombo04b-20&linkCode=xm2&camp=2025&creative=165953&creativeASIN=B078SXT4ZK
35,Seagate BarraCuda Pro Hard Drive 14 TB,$558.53 USD,Seagate,ST14000DM001,8719706004305,,"3.5""",14 TB,7200.0,256.0,https://www.amazon.ca/Seagate-Barracuda-Internal-Drive-Performance/dp/B07H7C4DXR?psc=1&SubscriptionId=AKIAI7B523DQIKTQ3BRQ&tag=pckombo04b-20&linkCode=xm2&camp=2025&creative=165953&creativeASIN=B07H7C4DXR
41,Seagate Desktop Hard Drive ST6000DM001,$205.72 USD,Seagate,ST6000DM001,8592978042073,763649075821.0,,6 TB,7200.0,,https://www.amazon.ca/Seagate-Desktop-3-5-Inch-Internal-ST6000DM001/dp/B013JPKYQC?SubscriptionId=AKIAI7B523DQIKTQ3BRQ&tag=pckombo04b-20&linkCode=xm2&camp=2025&creative=165953&creativeASIN=B013JPKYQC
42,Seagate Enterprise Capacity ST1000NM0008,$62.19 USD,Seagate,ST1000NM0008,763649098509,,,1 TB,7200.0,,https://www.amazon.ca/dp/B01N76CZII?tag=pckombo04b-20&linkCode=osi&th=1&psc=1
43,Seagate Enterprise Capacity ST1000NM0055,$82.08 USD,Seagate,ST1000NM0055,7636490069345,763649070796.0,,1 TB,7200.0,,https://www.amazon.ca/dp/B01CG0DF2G?tag=pckombo04b-20&linkCode=osi&th=1&psc=1
44,Seagate Enterprise Capacity ST1000NX0313,$174.08 USD,Seagate,ST1000NX0313,7636490043505,763649044957.0,,1 TB,7200.0,,https://www.amazon.ca/dp/B00Q46QUU8?tag=pckombo04b-20&linkCode=osi&th=1&psc=1
46,Seagate Enterprise Capacity ST2000NM0055,$90.23 USD,Seagate,ST2000NM0055,8592978061999,763649070789.0,,2 TB,7200.0,,https://www.amazon.ca/Seagate-Enterprise-2TB-ST2000NM0055-7200RPM/dp/B01CG0DCWE?SubscriptionId=AKIAI7B523DQIKTQ3BRQ&tag=pckombo04b-20&linkCode=xm2&camp=2025&creative=165953&creativeASIN=B01CG0DCWE
47,Seagate Enterprise Capacity ST2000NX0253,$301.75 USD,Seagate,ST2000NX0253,8592978040918,763649044919.0,,2 TB,7200.0,,https://www.amazon.ca/dp/B00Q46R8K4?tag=pckombo04b-20&linkCode=osi&th=1&psc=1
48,Seagate Enterprise Capacity ST4000NM0115,$179.1 USD,Seagate,ST4000NM0115,8592978070304,763649115015.0,,4 TB,7200.0,,https://www.amazon.ca/Seagate-SEADX-ST4000NM0115-Hard-Drives/dp/B01N2OGNDU?SubscriptionId=AKIAI7B523DQIKTQ3BRQ&tag=pckombo04b-20&linkCode=xm2&camp=2025&creative=165953&creativeASIN=B01N2OGNDU
52,Seagate Enterprise Hard Drive v5,$224.86 USD,Seagate,ST6000NM0115,7636490068744,763649070192.0,,6 TB,7200.0,6.0,https://www.amazon.ca/dp/B01CG0DCTC?tag=pckombo04b-20&linkCode=osi&th=1&psc=1
58,Seagate Exos 7E2 Hard Drive 2 TB,$104.45 USD,Seagate,ST2000NM0008,763649098523,763649111284.0,"3.5""",2 TB,7200.0,128.0,https://www.amazon.ca/Seagate-ST2000NM0008-Drives-Cache-Internal/dp/B01N95NM6L?psc=1&SubscriptionId=AKIAI7B523DQIKTQ3BRQ&tag=pckombo04b-20&linkCode=xm2&camp=2025&creative=165953&creativeASIN=B01N95NM6L
60,Seagate Exos 7E8 Hard Drive 4 TB,$166.83 USD,Seagate,ST4000NM002A,8719706015899,,"3.5""",4 TB,7200.0,256.0,https://www.amazon.ca/dp/B07T4411LF?tag=pckombo04b-20&linkCode=osi&th=1&psc=1
63,Seagate Exos E 7E8 Hard Drive 8 TB,$229.6 USD,Seagate,ST8000NM0055,7636490064593,,"3.5""",8 TB,7200.0,256.0,https://www.amazon.ca/Seagate-Enterprise-Capacity-Internal-ST8000NM0055/dp/B016AG0ITU?psc=1&SubscriptionId=AKIAI7B523DQIKTQ3BRQ&tag=pckombo04b-20&linkCode=xm2&camp=2025&creative=165953&creativeASIN=B016AG0ITU
72,Seagate FireCuda SSHD 1 TB,$68.9 USD,Seagate,ST1000DX002,763649110263,763649110263.0,"3.5""",1 TB,7200.0,64.0,https://www.amazon.ca/dp/B01IEKG484?tag=pckombo04b-20&linkCode=osi&th=1&psc=1
73,Seagate FireCuda SSHD 2 TB,$87.04 USD,Seagate,ST2000LX001,7636490069840,763649071298.0,"2.5""",2 TB,5400.0,128.0,https://www.amazon.ca/Seagate-Firecuda-2-5-Inch-Internal-ST2000LX001/dp/B01M1NHCZT?psc=1&SubscriptionId=AKIAI7B523DQIKTQ3BRQ&tag=pckombo04b-20&linkCode=xm2&camp=2025&creative=165953&creativeASIN=B01M1NHCZT
74,Seagate IronWolf Hard Drive,$215.37 USD,Seagate,ST8000VN0022,763649110874,763649110874.0,"3.5""",8 TB,7.2,256.0,https://www.amazon.ca/dp/B01M1BUBSO?tag=pckombo04b-20&linkCode=osi&th=1&psc=1
75,Seagate IronWolf Hard Drive,$330.04 USD,Seagate,ST12000VN0007,763649117347,763649117347.0,"3.5""",12 TB,7.2,256.0,https://www.amazon.ca/dp/B075XPBD5B?tag=pckombo04b-20&linkCode=osi&th=1&psc=1
76,Seagate IronWolf Hard Drive 1 TB,$50.04 USD,Seagate,ST1000VN002,8719706002370,763649110683.0,"3.5""",1 TB,5900.0,64.0,https://www.amazon.ca/dp/B01LOOJ8R6?tag=pckombo04b-20&linkCode=osi&th=1&psc=1
79,Seagate Ironwolf Hard Drive 14 TB,$471.49 USD,Seagate,ST14000VN0008,8719706004343,763649121740.0,"3.5""",14 TB,7200.0,256.0,https://www.amazon.ca/Seagate-IronWolf-14TB-Internal-Drive/dp/B07H7CW4YT?psc=1&SubscriptionId=AKIAI7B523DQIKTQ3BRQ&tag=pckombo04b-20&linkCode=xm2&camp=2025&creative=165953&creativeASIN=B07H7CW4YT
82,Seagate IronWolf Hard Drive 6 TB,$166.83 USD,Seagate,ST6000VN0033,8719706003674,763649110805.0,"3.5""",6 TB,7200.0,256.0,https://www.amazon.ca/dp/B0767P5BYT?tag=pckombo04b-20&linkCode=osi&th=1&psc=1
83,Seagate IronWolf Hard Drive 8 TB,$177.71 USD,Seagate,ST8000VN004,763649125069,,"3.5""",8 TB,7200.0,256.0,https://www.amazon.ca/dp/B084ZV4DXB?tag=pckombo04b-20&linkCode=osi&th=1&psc=1
84,Seagate IronWolf NAS Hard Drive ST10000VN0004,$338.73 USD,Seagate,ST10000VN0004,8592978067694,763649089248.0,,10 TB,7200.0,,https://www.amazon.ca/dp/B01IA9GU0Q?tag=pckombo04b-20&linkCode=osi&th=1&psc=1
85,Seagate IronWolf NAS Hard Drive ST2000VN004,$78.33 USD,Seagate,ST2000VN004,8592978061562,,,2 TB,5900.0,,https://www.amazon.ca/Seagate-IronWolf-Internal-Hard-Drive/dp/B01LOOJ8T4?psc=1&SubscriptionId=AKIAI7B523DQIKTQ3BRQ&tag=pckombo04b-20&linkCode=xm2&camp=2025&creative=165953&creativeASIN=B01LOOJ8T4
86,Seagate IronWolf NAS Hard Drive ST3000VN007,$94.29 USD,Seagate,ST3000VN007,8592978061548,763649110706.0,,3 TB,5900.0,,https://www.amazon.ca/dp/B01LOOJBRI?tag=pckombo04b-20&linkCode=osi&th=1&psc=1
87,Seagate IronWolf NAS Hard Drive ST4000VN008,$107.34 USD,Seagate,ST4000VN008,8592978061531,763649110560.0,,4 TB,5900.0,,https://www.amazon.ca/dp/B01LOOJBQY?tag=pckombo04b-20&linkCode=osi&th=1&psc=1
88,Seagate IronWolf NAS Hard Drive ST6000VN0041,$157.4 USD,Seagate,ST6000VN0041,763649110881,763649110881.0,,6 TB,7200.0,,https://www.amazon.ca/dp/B01LZDFMWQ?tag=pckombo04b-20&linkCode=osi&th=1&psc=1
89,Seagate IronWolf Pro Hard Drive,$144.34 USD,Seagate,ST4000NE0025,763649098554,763649111314.0,"3.5""",4 TB,7.2,128.0,https://www.amazon.ca/dp/B01N98UJSD?tag=pckombo04b-20&linkCode=osi&th=1&psc=1
90,Seagate IronWolf Pro Hard Drive,$207.04 USD,Seagate,ST6000NE0023,763649111321,763649111321.0,"3.5""",6 TB,7.2,256.0,https://www.amazon.ca/Seagate-IronWolf-ST6000NE0023-Internal-Drive/dp/B075V6G82S?SubscriptionId=AKIAI7B523DQIKTQ3BRQ&tag=pckombo04b-20&linkCode=xm2&camp=2025&creative=165953&creativeASIN=B075V6G82S
91,Seagate IronWolf Pro Hard Drive,$269.11 USD,Seagate,ST8000NE0004,763649116104,763649116104.0,"3.5""",8 TB,7.2,256.0,https://www.amazon.ca/Seagate-IronWolf-RAID-Internal-Drive/dp/B071JNJFBW?psc=1&SubscriptionId=AKIAI7B523DQIKTQ3BRQ&tag=pckombo04b-20&linkCode=xm2&camp=2025&creative=165953&creativeASIN=B071JNJFBW
92,Seagate IronWolf Pro Hard Drive,$514.18 USD,Seagate,ST12000NE0007,763649103210,763649117354.0,"3.5""",12 TB,7.2,256.0,https://www.amazon.ca/dp/B075XNQYV1?tag=pckombo04b-20&linkCode=osi&th=1&psc=1
94,Seagate IronWolf Pro Hard Drive 12 TB,$412.46 USD,Seagate,ST12000NE0008,763649121788,,"3.5""",12 TB,7200.0,256.0,https://www.amazon.ca/dp/B07J3212N5?tag=pckombo04b-20&linkCode=osi&th=1&psc=1
100,Seagate IronWolf Pro NAS Hard Drive ST10000NE0004 10TB 7200rpm 256MB,$324.96 USD,Seagate,ST10000NE0004,8592978063610,,,10 TB,7200.0,,https://www.amazon.ca/dp/B01M4FU8Y3?tag=pckombo04b-20&linkCode=osi&th=1&psc=1
101,Seagate IronWolf Pro NAS Hard Drive ST2000NE0025 2TB 7200rpm 128MB,$103.0 USD,Seagate,ST2000NE0025,763649111307,,,2 TB,7200.0,,https://www.amazon.ca/Seagate-IronWolf-Internal-Hard-Drive/dp/B01N2L30Y1?psc=1&SubscriptionId=AKIAI7B523DQIKTQ3BRQ&tag=pckombo04b-20&linkCode=xm2&camp=2025&creative=165953&creativeASIN=B01N2L30Y1
108,Seagate SkyHawk Hard Drive,$206.62 USD,Seagate,ST10000VX0004,7636490076558,763649089231.0,"3.5""",10 TB,7.2,256.0,https://www.amazon.ca/dp/B07N33PYN4?tag=pckombo04b-20&linkCode=osi&th=1&psc=1
110,Seagate SkyHawk Hard Drive 4 TB,$123.5 USD,Seagate,ST4000VX007,763649097953,763649110638.0,"3.5""",4 TB,7200.0,64.0,https://www.amazon.ca/dp/B01L1V9X5Y?tag=pckombo04b-20&linkCode=osi&th=1&psc=1
114,Seagate SkyHawk Hard Drive ST1000VX005,$50.04 USD,Seagate,ST1000VX005,8592978061524,763649110652.0,,1 TB,7200.0,,https://www.amazon.ca/dp/B01LOOJ8R6?tag=pckombo04b-20&linkCode=osi&th=1&psc=1
115,Seagate SkyHawk Hard Drive ST2000VX008,$64.91 USD,Seagate,ST2000VX008,8592978061555,,,2 TB,7200.0,,https://www.amazon.ca/Seagate-SkyHawk-Surveillance-Internal-Drive/dp/B01LOOJ8QM?SubscriptionId=AKIAI7B523DQIKTQ3BRQ&tag=pckombo04b-20&linkCode=xm2&camp=2025&creative=165953&creativeASIN=B01LOOJ8QM
116,Seagate SkyHawk Hard Drive ST6000VX0023,$182.94 USD,Seagate,ST6000VX0023,8592978062361,763649110812.0,,6 TB,7200.0,,https://www.amazon.ca/SEAGATE-ST6000VX0023-Skyhawk-Internal-Drive/dp/B01M5FSTXY?SubscriptionId=AKIAI7B523DQIKTQ3BRQ&tag=pckombo04b-20&linkCode=xm2&camp=2025&creative=165953&creativeASIN=B01M5FSTXY
120,Seagate Surveillance Hard Drive ST2000VX000,$95.72 USD,Seagate,ST2000VX000,8592978011635,,,2 TB,7200.0,,https://www.amazon.ca/Seagate-Sv35-3-5-Inch-ST2000VX000-Black/dp/B007JUFKM2?psc=1&SubscriptionId=AKIAI7B523DQIKTQ3BRQ&tag=pckombo04b-20&linkCode=xm2&camp=2025&creative=165953&creativeASIN=B007JUFKM2
121,Seagate Surveillance Hard Drive ST4000VX000,$125.9 USD,Seagate,ST4000VX000,8592978012670,,,4 TB,5900.0,,https://www.amazon.ca/Seagate-Surveillance-3-5-Inch-Internal-ST4000VX000/dp/B00JW53C5Y?psc=1&SubscriptionId=AKIAI7B523DQIKTQ3BRQ&tag=pckombo04b-20&linkCode=xm2&camp=2025&creative=165953&creativeASIN=B00JW53C5Y
158,WD Black WD4004FZWX,$211.43 USD,Western Digital,WD4004FZWX,718037847641,,,4 TB,7200.0,,https://www.amazon.ca/Performance-Drive-Internal-Drives-WD4004FZWX/dp/B01GWS2ZOC?psc=1&SubscriptionId=AKIAI7B523DQIKTQ3BRQ&tag=pckombo04b-20&linkCode=xm2&camp=2025&creative=165953&creativeASIN=B01GWS2ZOC
159,WD Black WD6001FZWX,$284.74 USD,Western Digital,WD6001FZWX,718037835983,,,6 TB,7200.0,,https://www.amazon.ca/Black-Performance-Desktop-Hard-Drive/dp/B011LVAVEQ?SubscriptionId=AKIAI7B523DQIKTQ3BRQ&tag=pckombo04b-20&linkCode=xm2&camp=2025&creative=165953&creativeASIN=B011LVAVEQ
161,WD Blue WD50EZRZ,$193.42 USD,Western Digital,WD50EZRZ,718037840215,,,5 TB,5400.0,,https://www.amazon.ca/dp/B013HNYVFG?tag=pckombo04b-20&linkCode=osi&th=1&psc=1
162,WD Gold WD4002FYYZ,$145.07 USD,Western Digital,WD4002FYYZ,8592978055455,,,4 TB,7200.0,,https://www.amazon.ca/Western-Digital-Enterprise-Class-Drive/dp/B01AV1697A?psc=1&SubscriptionId=AKIAI7B523DQIKTQ3BRQ&tag=pckombo04b-20&linkCode=xm2&camp=2025&creative=165953&creativeASIN=B01AV1697A
163,WD Gold WD8002FRYZ,$337.22 USD,Western Digital,WD8002FRYZ,718037846408,718037846408.0,,8 TB,7200.0,,https://www.amazon.ca/Gold-Datacenter-Hard-Disk-Drive/dp/B01E17L38A?SubscriptionId=AKIAI7B523DQIKTQ3BRQ&tag=pckombo04b-20&linkCode=xm2&camp=2025&creative=165953&creativeASIN=B01E17L38A
164,WD Purple NV WD4NPURX,$181.18 USD,Western Digital,WD4NPURX,8592978039394,,,4 TB,5400.0,,https://www.amazon.ca/Western-Digital-Surveillance-Internal-DriveWD4NPURX/dp/B00WMF076S?psc=1&SubscriptionId=AKIAI7B523DQIKTQ3BRQ&tag=pckombo04b-20&linkCode=xm2&camp=2025&creative=165953&creativeASIN=B00WMF076S
167,WD Purple WD20PURX,$87.89 USD,Western Digital,WD20PURX,718037823331,,,2 TB,5400.0,,https://www.amazon.ca/Intellipower-sata_6_0_gb-3-5-Inch-Internal-WD20PURX/dp/B00IMPO5MO?psc=1&SubscriptionId=AKIAI7B523DQIKTQ3BRQ&tag=pckombo04b-20&linkCode=xm2&camp=2025&creative=165953&creativeASIN=B00IMPO5MO
168,WD Purple WD30PURX,$105.62 USD,Western Digital,WD30PURX,718037823300,718037823300.0,,3 TB,5400.0,,https://www.amazon.ca/dp/B00IMPO5N8?tag=pckombo04b-20&linkCode=osi&th=1&psc=1
169,WD Purple WD40PURX,$171.54 USD,Western Digital,WD40PURX,718037823317,718037823317.0,,4 TB,5400.0,,https://www.amazon.ca/dp/B00IMPO5OW?tag=pckombo04b-20&linkCode=osi&th=1&psc=1
171,WD Purple WD60PURX,$192.25 USD,Western Digital,WD60PURX,718037828374,,,6 TB,5400.0,,https://www.amazon.ca/dp/B00P0NV43E?tag=pckombo04b-20&linkCode=osi&th=1&psc=1
172,WD Purple WD80PUZX,$294.61 USD,Western Digital,WD80PUZX,718037845487,718037845487.0,,8 TB,5400.0,,https://www.amazon.ca/Wd-Purple-Surveillance-Hard-Drive/dp/B01C2PWLZW?psc=1&SubscriptionId=AKIAI7B523DQIKTQ3BRQ&tag=pckombo04b-20&linkCode=xm2&camp=2025&creative=165953&creativeASIN=B01C2PWLZW
177,WD Red Pro WD4002FFWX,$185.51 USD,Western Digital,WD4002FFWX,718037845630,718037845630.0,,4 TB,7200.0,,https://www.amazon.ca/Western-Digital-3-5-Inch-Internal-WD4002FFWX/dp/B01CL6R7QU?SubscriptionId=AKIAI7B523DQIKTQ3BRQ&tag=pckombo04b-20&linkCode=xm2&camp=2025&creative=165953&creativeASIN=B01CL6R7QU
178,WD Red Pro WD6002FFWX,$246.53 USD,Western Digital,WD6002FFWX,718037845647,718037845647.0,,6 TB,7200.0,,https://www.amazon.ca/Red-Pro-NAS-Hard-Drive/dp/B01CHP20MG?SubscriptionId=AKIAI7B523DQIKTQ3BRQ&tag=pckombo04b-20&linkCode=xm2&camp=2025&creative=165953&creativeASIN=B01CHP20MG
179,WD Red Pro WD8001FFWX,$394.44 USD,Western Digital,WD8001FFWX,718037847696,718037847696.0,,8 TB,7200.0,,https://www.amazon.ca/3-5-Inch-7200rpm-128MB-Internal-WD8001FFWX/dp/B01H33VQDG?psc=1&SubscriptionId=AKIAI7B523DQIKTQ3BRQ&tag=pckombo04b-20&linkCode=xm2&camp=2025&creative=165953&creativeASIN=B01H33VQDG
180,WD Red WD80EFZX,$304.54 USD,Western Digital,WD80EFZX,718037845500,718037845500.0,,8 TB,5400.0,,https://www.amazon.ca/Red-8TB-Hard-Disk-Drive/dp/B01BYLY4DM?psc=1&SubscriptionId=AKIAI7B523DQIKTQ3BRQ&tag=pckombo04b-20&linkCode=xm2&camp=2025&creative=165953&creativeASIN=B01BYLY4DM
181,Western Blue Mobile 1 TB,$47.13 USD,Western Digital,WD10SPZX,718037845319,,"2.5""",1 TB,5400.0,128.0,https://www.amazon.ca/dp/B071F9MLJJ?tag=pckombo04b-20&linkCode=osi&th=1&psc=1
182,Western Blue Mobile 2 TB,$72.52 USD,Western Digital,WD20SPZX,718037847405,,"2.5""",2 TB,5400.0,128.0,https://www.amazon.ca/dp/B079BQS5WQ?tag=pckombo04b-20&linkCode=osi&th=1&psc=1
183,Western Digital Black 1 TB,$58.01 USD,Western Digital,WD1003FZEX,718037786469,718037786469.0,"3.5""",1 TB,7200.0,64.0,https://www.amazon.ca/dp/B00FJRS6FU?tag=pckombo04b-20&linkCode=osi&th=1&psc=1
184,Western Digital Black 2 TB,$100.81 USD,Western Digital,WD2003FZEX,718037810553,718037810553.0,"3.5""",2 TB,7200.0,64.0,https://www.amazon.ca/dp/B00FJRS628?tag=pckombo04b-20&linkCode=osi&th=1&psc=1
185,"Western Digital Black 2,5 Zoll",$65.97 USD,Western Digital,WD10JPLX,718037846729,718037846729.0,"2.5""",1 TB,7.2,32.0,https://www.amazon.ca/WESTERN-DIGITAL-Performance-Mobile-WD10JPLX/dp/B01DOL05OC?psc=1&SubscriptionId=AKIAI7B523DQIKTQ3BRQ&tag=pckombo04b-20&linkCode=xm2&camp=2025&creative=165953&creativeASIN=B01DOL05OC
186,Western Digital Black 4 TB,$141.43 USD,Western Digital,WD4005FZBX,718037856001,718037856001.0,"3.5""",4 TB,7200.0,256.0,https://www.amazon.ca/dp/B0792G331G?tag=pckombo04b-20&linkCode=osi&th=1&psc=1
187,Western Digital Black 6 TB,$174.08 USD,Western Digital,WD6003FZBX,718037855998,,"3.5""",6 TB,7200.0,256.0,https://www.amazon.ca/dp/B0792GSD6N?tag=pckombo04b-20&linkCode=osi&th=1&psc=1
188,Western Digital Blue,$240.51 USD,Western Digital,WD60EZRZ,718037840192,718037840192.0,"3.5""",6 TB,5.4,64.0,https://www.amazon.ca/dp/B013HNYVCE?tag=pckombo04b-20&linkCode=osi&th=1&psc=1
189,Western Digital Blue 1 TB,$43.52 USD,Western Digital,WD10EZRZ,718037840147,718037840147.0,"3.5""",1 TB,5400.0,64.0,https://www.amazon.ca/Blue-Desktop-Hard-Disk-Drive/dp/B013HNYVLA?psc=1&SubscriptionId=AKIAI7B523DQIKTQ3BRQ&tag=pckombo04b-20&linkCode=xm2&camp=2025&creative=165953&creativeASIN=B013HNYVLA
190,Western Digital Blue 1 TB,$50.75 USD,Western Digital,WD10EZEX,718037779911,718037779911.0,"3.5""",1 TB,7200.0,64.0,https://www.amazon.ca/dp/B0088PUEPK?tag=pckombo04b-20&linkCode=osi&th=1&psc=1
191,Western Digital Blue 2 TB,$55.12 USD,Western Digital,WD20EZAZ,718037856254,,"3.5""",2 TB,5.4,256.0,https://www.amazon.ca/dp/B07JC1TQ7N?tag=pckombo04b-20&linkCode=osi&th=1&psc=1
192,Western Digital Blue 2 TB,$63.1 USD,Western Digital,WD20EZRZ,718037840222,718037840222.0,"3.5""",2 TB,5400.0,64.0,https://www.amazon.ca/dp/B013QFRS2S?tag=pckombo04b-20&linkCode=osi&th=1&psc=1
193,"Western Digital Blue 2,5 Zoll",$61.89 USD,Western Digital,WD10JPVX,718037800936,718037800936.0,"2.5""",1 TB,5.4,8.0,https://www.amazon.ca/5400rpm-Sata-Scorpio-Blue-WD10JPVX/dp/B00C9TEBJQ?SubscriptionId=AKIAI7B523DQIKTQ3BRQ&tag=pckombo04b-20&linkCode=xm2&camp=2025&creative=165953&creativeASIN=B00C9TEBJQ
194,Western Digital Blue 3 TB,$80.04 USD,Western Digital,WD30EZRZ,718037840154,718037840154.0,"3.5""",3 TB,5400.0,64.0,https://www.amazon.ca/dp/B013HNYV42?tag=pckombo04b-20&linkCode=osi&th=1&psc=1
195,Western Digital Blue 4 TB,$122.23 USD,Western Digital,WD40EZRZ,718037840161,718037840161.0,"3.5""",4 TB,5400.0,64.0,https://www.amazon.ca/dp/B013HNYV8I?tag=pckombo04b-20&linkCode=osi&th=1&psc=1
196,Western Digital Blue 6 TB,$137.81 USD,Western Digital,WD60EZAZ,718037855684,,"3.5""",6 TB,5400.0,256.0,https://www.amazon.ca/WD-Blue-6TB-Hard-Drive/dp/B07MYKZGVX?SubscriptionId=AKIAI7B523DQIKTQ3BRQ&tag=pckombo04b-20&linkCode=xm2&camp=2025&creative=165953&creativeASIN=B07MYKZGVX
197,Western Digital Gold 1 TB,$87.02 USD,Western Digital,WD1005FBYZ,718037820132,718037820132.0,"3.5""",1 TB,7200.0,128.0,https://www.amazon.ca/dp/B01IY9USY6?tag=pckombo04b-20&linkCode=osi&th=1&psc=1
198,Western Digital Gold 10 TB,$235.73 USD,Western Digital,WD102KRYZ,718037872681,,"3.5""",10 TB,7200.0,256.0,https://www.amazon.ca/dp/B07XDD5MV8?tag=pckombo04b-20&linkCode=osi&th=1&psc=1
199,Western Digital Gold 12 TB,$282.87 USD,Western Digital,WD121KRYZ,718037854519,,"3.5""",12 TB,7200.0,256.0,https://www.amazon.ca/dp/B075L6FJH8?tag=pckombo04b-20&linkCode=osi&th=1&psc=1
200,Western Digital Gold 14 TB,$315.52 USD,Western Digital,WD141KRYZ,718037872674,,"3.5""",14 TB,7200.0,512.0,https://www.amazon.ca/dp/B07XC95Y28?tag=pckombo04b-20&linkCode=osi&th=1&psc=1
202,Western Digital Gold 2 TB,$115.32 USD,Western Digital,WD2005FBYZ,718037847924,718037847924.0,"3.5""",2 TB,7200.0,128.0,https://www.amazon.ca/dp/B01IY9UTMM?tag=pckombo04b-20&linkCode=osi&th=1&psc=1
203,Western Digital Gold 4 TB,$154.48 USD,Western Digital,WD4003FRYZ,718037858098,,"3.5""",4 TB,7200.0,256.0,https://www.amazon.ca/dp/B07XDD6GD3?tag=pckombo04b-20&linkCode=osi&th=1&psc=1
204,Western Digital Gold 6 TB,$192.2 USD,Western Digital,WD6003FRYZ,718037855936,,"3.5""",6 TB,7200.0,256.0,https://www.amazon.ca/dp/B07XHCT33G?tag=pckombo04b-20&linkCode=osi&th=1&psc=1
205,Western Digital Gold 8 TB,$217.59 USD,Western Digital,WD8004FRYZ,718037858371,,"3.5""",8 TB,7200.0,256.0,https://www.amazon.ca/dp/B07XGDNZXT?tag=pckombo04b-20&linkCode=osi&th=1&psc=1
206,"Western Digital Gold, Intellipower",$233.85 USD,Western Digital,WD6002FRYZ,718037845470,,"3.5""",6 TB,7.2,128.0,https://www.amazon.ca/Western-Digital-Enterprise-Class-Drive/dp/B01AV168FS?psc=1&SubscriptionId=AKIAI7B523DQIKTQ3BRQ&tag=pckombo04b-20&linkCode=xm2&camp=2025&creative=165953&creativeASIN=B01AV168FS
207,"Western Digital Gold, Intellipower",$316.51 USD,Western Digital,WD8003FRYZ,718037858104,718037858104.0,"3.5""",8 TB,7.2,256.0,https://www.amazon.ca/WESTERN-DIGITAL-Enterprise-Class-Drive/dp/B074WH5NPT?psc=1&SubscriptionId=AKIAI7B523DQIKTQ3BRQ&tag=pckombo04b-20&linkCode=xm2&camp=2025&creative=165953&creativeASIN=B074WH5NPT
208,"Western Digital Gold, Intellipower",$413.22 USD,Western Digital,WD101KRYZ,718037847733,718037847733.0,"3.5""",10 TB,7.2,256.0,https://www.amazon.ca/Gold-10TB-Datacenter-Hard-Drive/dp/B01IWCMS5M?psc=1&SubscriptionId=AKIAI7B523DQIKTQ3BRQ&tag=pckombo04b-20&linkCode=xm2&camp=2025&creative=165953&creativeASIN=B01IWCMS5M
209,Western Digital Purple 8 TB,$188.97 USD,Western Digital,WD84PURZ,718037887906,,"3.5""",8 TB,7.2,256.0,https://www.amazon.ca/dp/B08XNL4CRM?tag=pckombo04b-20&linkCode=osi&th=1&psc=1
210,"Western Digital Purple, Intellipower",$270.51 USD,Western Digital,WD100PURZ,718037856087,718037856087.0,"3.5""",10 TB,5.4,256.0,https://www.amazon.ca/Western-Digital-Surveillance-3-5-Inch-Internal/dp/B06XRRT1PJ?psc=1&SubscriptionId=AKIAI7B523DQIKTQ3BRQ&tag=pckombo04b-20&linkCode=xm2&camp=2025&creative=165953&creativeASIN=B06XRRT1PJ
212,Western Digital Red 1 TB,$50.77 USD,Western Digital,WD10EFRX,718037799650,718037799650.0,"3.5""",1 TB,5400.0,64.0,https://www.amazon.ca/dp/B008JJLXO6?tag=pckombo04b-20&linkCode=osi&th=1&psc=1
213,Western Digital Red 1 TB,$90.82 USD,Western Digital,WD10JFCX,718037804149,718037804149.0,"3.5""",1 TB,5400.0,16.0,https://www.amazon.ca/dp/B00EHBES1U?tag=pckombo04b-20&linkCode=osi&th=1&psc=1
214,Western Digital Red 10 TB,$259.39 USD,Western Digital,WD101EFAX,718037866758,,"3.5""",10 TB,5.4,256.0,https://www.amazon.ca/dp/B083JXTH5L?tag=pckombo04b-20&linkCode=osi&th=1&psc=1
215,Western Digital Red 10 TB,$327.86 USD,Western Digital,WD100EFAX,718037847689,,"3.5""",10 TB,5400.0,256.0,https://www.amazon.ca/dp/B0719498XY?tag=pckombo04b-20&linkCode=osi&th=1&psc=1
216,Western Digital Red 12 TB,$297.94 USD,Western Digital,WD120EFAX,718037866260,,"3.5""",12 TB,5400.0,256.0,https://www.amazon.ca/dp/B07RQ99XJH?tag=pckombo04b-20&linkCode=osi&th=1&psc=1
217,Western Digital Red 14 TB,$457.18 USD,Western Digital,WD140EFFX,718037872841,,"3.5""",14 TB,5400.0,512.0,https://www.amazon.ca/dp/B07YFGMZVV?tag=pckombo04b-20&linkCode=osi&th=1&psc=1
218,Western Digital Red 2 TB,$54.42 USD,Western Digital,WD20EFAX,718037858135,,"3.5""",2 TB,5400.0,256.0,https://www.amazon.ca/dp/B07PGWXQCM?tag=pckombo04b-20&linkCode=osi&th=1&psc=1
219,Western Digital Red 2 TB,$72.53 USD,Western Digital,WD20EFRX,718037799667,718037799667.0,"3.5""",2 TB,5400.0,64.0,https://www.amazon.ca/Sata-64mb-Intellipower-Years-Warranty/dp/B008RAWX0U?SubscriptionId=AKIAI7B523DQIKTQ3BRQ&tag=pckombo04b-20&linkCode=xm2&camp=2025&creative=165953&creativeASIN=B008RAWX0U
220,Western Digital Red 3 TB,$61.65 USD,Western Digital,WD30EFAX,718037861074,,"3.5""",3 TB,5400.0,256.0,https://www.amazon.ca/dp/B083XVD1FP?tag=pckombo04b-20&linkCode=osi&th=1&psc=1
221,Western Digital Red 3 TB,$89.93 USD,Western Digital,WD30EFRX,718037799674,,"3.5""",3 TB,5400.0,64.0,https://www.amazon.ca/dp/B008JJLW4M?tag=pckombo04b-20&linkCode=osi&th=1&psc=1
222,Western Digital Red 4 TB,$84.22 USD,Western Digital,WD40EFAX,718037861036,,"3.5""",4 TB,5400.0,256.0,https://www.amazon.ca/dp/B083XVY99B?tag=pckombo04b-20&linkCode=osi&th=1&psc=1
223,Western Digital Red 4 TB,$116.05 USD,Western Digital,WD40EFRX,718037810058,718037810058.0,"3.5""",4 TB,5400.0,64.0,https://www.amazon.ca/Western-Digital-3-5-Inch-Drive-WD40EFRX/dp/B00EHBERSE?psc=1&SubscriptionId=AKIAI7B523DQIKTQ3BRQ&tag=pckombo04b-20&linkCode=xm2&camp=2025&creative=165953&creativeASIN=B00EHBERSE
224,Western Digital Red 6 TB,$101.55 USD,Western Digital,WD60EFAX,718037860947,,"3.5""",6 TB,5400.0,256.0,https://www.amazon.ca/dp/B07MYL7KVK?tag=pckombo04b-20&linkCode=osi&th=1&psc=1
225,Western Digital Red 8 TB,$217.61 USD,Western Digital,WD80EFAX,718037854694,718037854694.0,"3.5""",8 TB,5400.0,256.0,https://www.amazon.ca/dp/B07D3MWMNZ?tag=pckombo04b-20&linkCode=osi&th=1&psc=1
226,Western Digital Red Plus 8 TB,$168.11 USD,Western Digital,WD80EFZZ,718037896755,,"3.5""",8 TB,5.64,128.0,https://www.amazon.ca/dp/B09QQX27GM?tag=pckombo04b-20&linkCode=osi&th=1&psc=1
227,Western Digital Red Plus 10 TB,$199.47 USD,Western Digital,WD101EFBX,718037886206,,"3.5""",10 TB,7.2,256.0,https://www.amazon.ca/dp/B08TZPS4QQ?tag=pckombo04b-20&linkCode=osi&th=1&psc=1
228,Western Digital Red Plus 12 TB,$228.49 USD,Western Digital,WD120EFBX,718037886190,,"3.5""",12 TB,7.2,256.0,https://www.amazon.ca/dp/B08V1L1WYD?tag=pckombo04b-20&linkCode=osi&th=1&psc=1
229,Western Digital Red Plus 14 TB,$297.4 USD,Western Digital,WD140EFGX,718037886183,,"3.5""",14 TB,7.2,512.0,https://www.amazon.ca/dp/B08V13TGP4?tag=pckombo04b-20&linkCode=osi&th=1&psc=1
230,Western Digital Red Plus 2 TB,$54.4 USD,Western Digital,WD20EFZX,718037884370,,"3.5""",2 TB,5.4,128.0,https://www.amazon.ca/dp/B08VH891FS?tag=pckombo04b-20&linkCode=osi&th=1&psc=1
231,Western Digital Red Plus 3 TB,$65.28 USD,Western Digital,WD30EFZX,718037884387,,"3.5""",3 TB,5.4,128.0,https://www.amazon.ca/dp/B08VH9NDV7?tag=pckombo04b-20&linkCode=osi&th=1&psc=1
232,Western Digital Red Plus 4 TB,$79.78 USD,Western Digital,WD40EFZX,718037884394,,"3.5""",4 TB,5.4,128.0,https://www.amazon.ca/dp/B08VH8C3WZ?tag=pckombo04b-20&linkCode=osi&th=1&psc=1
233,Western Digital Red Plus 6 TB,$104.44 USD,Western Digital,WD60EFZX,718037821542,,"3.5""",6 TB,5.64,128.0,https://www.amazon.ca/dp/B08TZYBMMC?tag=pckombo04b-20&linkCode=osi&th=1&psc=1
234,Western Digital Red Plus 8 TB,$169.0 USD,Western Digital,WD80EFBX,718037886213,,"3.5""",8 TB,7.2,256.0,https://www.amazon.ca/dp/B08TZT47VT?tag=pckombo04b-20&linkCode=osi&th=1&psc=1
235,Western Digital Red Pro 10 TB,$35.49 USD,Western Digital,WD101KFBX,718037847719,718037847719.0,"3.5""",10 TB,7200.0,256.0,https://www.amazon.ca/dp/B072LX5HDW?tag=pckombo04b-20&linkCode=osi&th=1&psc=1
236,Western Digital Red Pro 10 TB,$235.73 USD,Western Digital,WD102KFBX,718037866796,,"3.5""",10 TB,7200.0,256.0,https://www.amazon.ca/dp/B084F34HZ6?tag=pckombo04b-20&linkCode=osi&th=1&psc=1
237,Western Digital Red Pro 12 TB,$257.49 USD,Western Digital,WD121KFBX,718037866246,,"3.5""",12 TB,7200.0,256.0,https://www.amazon.ca/dp/B07RTMPWD8?tag=pckombo04b-20&linkCode=osi&th=1&psc=1
238,Western Digital Red Pro 14 TB,$297.38 USD,Western Digital,WD141KFGX,718037872858,,"3.5""",14 TB,7.2,512.0,https://www.amazon.ca/dp/B07YFGW736?tag=pckombo04b-20&linkCode=osi&th=1&psc=1
239,Western Digital Red Pro 16 TB,$319.14 USD,Western Digital,WD161KFGX,718037877662,,"3.5""",16 TB,7.2,512.0,https://www.amazon.ca/dp/B08K3VVKSW?tag=pckombo04b-20&linkCode=osi&th=1&psc=1
240,Western Digital Red Pro 18 TB,$326.4 USD,Western Digital,WD181KFGX,718037875729,,"3.5""",18 TB,7.2,512.0,https://www.amazon.ca/dp/B08K3TFM92?tag=pckombo04b-20&linkCode=osi&th=1&psc=1
241,Western Digital Red Pro 2 TB,$79.78 USD,Western Digital,WD2002FFSX,718037835570,718037835570.0,"3.5""",2 TB,7200.0,64.0,https://www.amazon.ca/dp/B01FYXPGT2?tag=pckombo04b-20&linkCode=osi&th=1&psc=1
242,Western Digital Red Pro 4 TB,$147.95 USD,Western Digital,WD4003FFBX,718037855967,718037855967.0,"3.5""",4 TB,7200.0,256.0,https://www.amazon.ca/dp/B07B1WK3N5?tag=pckombo04b-20&linkCode=osi&th=1&psc=1
243,Western Digital Red Pro 6 TB,$195.11 USD,Western Digital,WD6003FFBX,718037855943,718037855943.0,"3.5""",6 TB,7200.0,256.0,https://www.amazon.ca/dp/B07B1HX5KN?tag=pckombo04b-20&linkCode=osi&th=1&psc=1
244,Western Digital Red Pro 8 TB,$215.68 USD,Western Digital,WD8003FFBX,718037858425,,"3.5""",8 TB,7200.0,256.0,https://www.amazon.ca/dp/B07D3N95GS?tag=pckombo04b-20&linkCode=osi&th=1&psc=1
245,"Western Digital Red, Intellipower",$196.09 USD,Western Digital,WD60EFRX,718037827582,718037827582.0,"3.5""",6 TB,5.4,64.0,https://www.amazon.ca/dp/B00LO3KR96?tag=pckombo04b-20&linkCode=osi&th=1&psc=1
