,Name,Price,Producer,MPN,EAN,UPC,Watt,Size,Efficiency Rating,Product Page
30,Corsair CX450,$43.52 USD,Corsair,CP-9020120-NA,843591083928,843591083928.0,450 W,ATX,80 Plus Bronze,https://www.amazon.ca/dp/B01MTZ96RU?tag=pckombo04b-20&linkCode=osi&th=1&psc=1
31,Corsair CX450M,$47.14 USD,Corsair,CP-9020101-NA,843591057967,843591057967.0,450 W,ATX,80 Plus Bronze,https://www.amazon.ca/dp/B01B72VXE6?tag=pckombo04b-20&linkCode=osi&th=1&psc=1
32,Corsair CX550,$68.9 USD,Corsair,CP-9020121-NA,843591084000,843591084000.0,550 W,ATX,80 Plus Bronze,https://www.amazon.ca/dp/B01MRW2K79?tag=pckombo04b-20&linkCode=osi&th=1&psc=1
38,Corsair RM550x,$78.25 USD,Corsair,CP-9020090-NA,843591050586,843591050586.0,550 W,ATX,80 Plus Gold,https://www.amazon.ca/Corsair-RM550x-Modular-Certified-Warranty/dp/B015YEICJ2?psc=1&SubscriptionId=AKIAI7B523DQIKTQ3BRQ&tag=pckombo04b-20&linkCode=xm2&camp=2025&creative=165953&creativeASIN=B015YEICJ2
39,Corsair RM750x,$108.8 USD,Corsair,CP-9020092-NA,843591050746,843591050746.0,750 W,ATX,80 Plus Gold,https://www.amazon.ca/Corsair-RM750x-Modular-Certified-Warranty/dp/B015YEI9NQ?psc=1&SubscriptionId=AKIAI7B523DQIKTQ3BRQ&tag=pckombo04b-20&linkCode=xm2&camp=2025&creative=165953&creativeASIN=B015YEI9NQ
50,Corsair TX550M,$90.66 USD,Corsair,CP-9020133-NA,843591091282,843591091282.0,550 W,ATX,80 Plus Gold,https://www.amazon.ca/dp/B01MSEYY23?tag=pckombo04b-20&linkCode=osi&th=1&psc=1
52,Corsair TX650M,$93.57 USD,Corsair,CP-9020132-NA,843591091206,843591091206.0,650 W,ATX,80 Plus Gold,https://www.amazon.ca/dp/B01N18J52E?tag=pckombo04b-20&linkCode=osi&th=1&psc=1
54,Corsair TX750M,$79.78 USD,Corsair,CP-9020131-NA,843591091121,843591091121.0,750 W,ATX,80 Plus Gold,https://www.amazon.ca/dp/B00FZLD2O0?tag=pckombo04b-20&linkCode=osi&th=1&psc=1
56,Corsair TX850M,$101.55 USD,Corsair,CP-9020130-NA,843591091046,843591091046.0,850 W,ATX,80 Plus Gold,https://www.amazon.ca/dp/B01N5WW9GQ?tag=pckombo04b-20&linkCode=osi&th=1&psc=1
63,EVGA SuperNOVA 550 G3,$79.78 USD,EVGA,220-G3-0550-Y1,843368042547,843368042547.0,550 W,ATX,80 Plus Gold,https://www.amazon.ca/dp/B01LWTS2UL?tag=pckombo04b-20&linkCode=osi&th=1&psc=1
64,EVGA SuperNOVA 650 G3,$114.6 USD,EVGA,220-G3-0650-Y1,843368042585,843368042585.0,650 W,ATX,80 Plus Gold,https://www.amazon.ca/dp/B01LYGFRL6?tag=pckombo04b-20&linkCode=osi&th=1&psc=1
65,EVGA SuperNOVA 750 G2,$114.59 USD,EVGA,220-G2-0750-XR,7427457087041,41650177025.0,750 W,ATX,80 Plus Gold,https://www.amazon.ca/EVGA-Supernova-Modular-Warranty-220-G2-0750-XR/dp/B00IKDETOW?psc=1&SubscriptionId=AKIAI7B523DQIKTQ3BRQ&tag=pckombo04b-20&linkCode=xm2&camp=2025&creative=165953&creativeASIN=B00IKDETOW
67,EVGA SuperNOVA 750 G3,$101.55 USD,EVGA,220-G3-0750-X1,843368042622,843368042622.0,750 W,ATX,80 Plus Gold,https://www.amazon.ca/dp/B005BE058W?tag=pckombo04b-20&linkCode=osi&th=1&psc=1
68,EVGA SuperNOVA 850 G2,$134.16 USD,EVGA,220-G2-0850-XR,803982727282,843368027445.0,850 W,ATX,80 Plus Gold,https://www.amazon.ca/EVGA-Supernova-Modular-Warranty-220-G2-0850-XR/dp/B00IKDETOC?psc=1&SubscriptionId=AKIAI7B523DQIKTQ3BRQ&tag=pckombo04b-20&linkCode=xm2&camp=2025&creative=165953&creativeASIN=B00IKDETOC
89,Seasonic FOCUS 550 GOLD,$90.66 USD,Seasonic,SSR-550FM,4711173873389,4711173873389.0,550 W,ATX,80 Plus Gold,https://www.amazon.ca/dp/B077916ZZV?tag=pckombo04b-20&linkCode=osi&th=1&psc=1
90,Seasonic Focus GX 80 Plus Gold,$72.53 USD,Seasonic,FOCUS-GX-550,4711173874713,,550 W,ATX,80 PLUS Gold,https://www.amazon.ca/dp/B07WQYM74W?tag=pckombo04b-20&linkCode=osi&th=1&psc=1
91,Seasonic Focus GX 80 Plus Gold,$76.16 USD,Seasonic,FOCUS-GX-650,4711173874706,,650 W,ATX,80 PLUS Gold,https://www.amazon.ca/dp/B077J9QTDR?tag=pckombo04b-20&linkCode=osi&th=1&psc=1
92,Seasonic Focus GX 80 Plus Gold,$90.66 USD,Seasonic,FOCUS-GX-750,4711173874690,,750 W,ATX,80 PLUS Gold,https://www.amazon.ca/dp/B077J9G9CH?tag=pckombo04b-20&linkCode=osi&th=1&psc=1
93,Seasonic Focus GX 80 PLUS Gold,$132.86 USD,Seasonic,FOCUS-GX-850,4711173874683,,850 W,ATX,80 PLUS Gold,https://www.amazon.ca/dp/B07WVMDZMZ?tag=pckombo04b-20&linkCode=osi&th=1&psc=1
94,Seasonic Focus PX 80 Plus Platinum 750 Watt,$119.68 USD,Seasonic,FOCUS-PX-750,4711173874645,,750 W,ATX,80 PLUS Platinum,https://www.amazon.ca/dp/B07W4PLZWH?tag=pckombo04b-20&linkCode=osi&th=1&psc=1
96,Seasonic PRIME 650 GOLD,$103.18 USD,Seasonic,SSR-650GD,4711173873464,,650 W,ATX,80 Plus Gold,https://www.amazon.ca/Seasonic-SSR-650GD-Flagship-Modular-Atx12V/dp/B01NCT1VLI?SubscriptionId=AKIAI7B523DQIKTQ3BRQ&tag=pckombo04b-20&linkCode=xm2&camp=2025&creative=165953&creativeASIN=B01NCT1VLI
101,Silverstone SST-ST45SF V2.0 Strider Series SFX,$69.98 USD,Silverstone,SST-ST45SF 2.0,4710713966604,,450 W,SFX,80 PLUS Bronze,https://www.amazon.ca/dp/B003LU6PN2?tag=pckombo04b-20&linkCode=osi&th=1&psc=1
103,Silverstone SST-SX600-G Strider Gold Series,$127.3 USD,Silverstone,SST-SX600-G,4710007221587,,600 W,SFX,80 PLUS Gold,https://www.amazon.ca/dp/B00MO675S8?tag=pckombo04b-20&linkCode=osi&th=1&psc=1
239,"be quiet! Straight Power 11, 80 PLUS Gold",$116.05 USD,be quiet!,BN283,4260052185780,,750 W,ATX,80 PLUS Gold,https://www.amazon.ca/dp/B079D3DBNM?tag=pckombo04b-20&linkCode=osi&th=1&psc=1
313,Corsair AX1500i Digital ATX Power Supply,$346.72 USD,Corsair,CP-9020057-NA,804904220331,809395430139.0,1500 W,ATX,80 Plus Titanium,https://www.amazon.ca/Corsair-AX1500i-Titanium-Efficiency-CP-9020057-NA/dp/B00MFJ4OBA?psc=1&SubscriptionId=AKIAI7B523DQIKTQ3BRQ&tag=pckombo04b-20&linkCode=xm2&camp=2025&creative=165953&creativeASIN=B00MFJ4OBA
314,Corsair AX760i Digital ATX Power Supply,$206.72 USD,Corsair,CP-9020036-NA,14445566113,709099525264.0,760 W,ATX,80 Plus Platinum,https://www.amazon.ca/Ax860i-860w-80plus-Plat-Modular/dp/B00A0HZNDW?psc=1&SubscriptionId=AKIAI7B523DQIKTQ3BRQ&tag=pckombo04b-20&linkCode=xm2&camp=2025&creative=165953&creativeASIN=B00A0HZNDW
338,Corsair CX550M,$65.62 USD,Corsair,CP-9020102-NA,843591058049,843591058049.0,550 W,ATX,80 Plus Bronze,https://www.amazon.ca/dp/B01B72W0A2?tag=pckombo04b-20&linkCode=osi&th=1&psc=1
339,Corsair CX650,$76.16 USD,Corsair,CP-9020122-NA,843591084086,843591084086.0,650 W,ATX,80 Plus Bronze,https://www.amazon.ca/dp/B01MRW2K7E?tag=pckombo04b-20&linkCode=osi&th=1&psc=1
342,Corsair CX650M,$61.65 USD,Corsair,CP-9020103-NA,8805191364731,843591058124.0,650 W,ATX,80 Plus Bronze,https://www.amazon.ca/dp/B01B72W1VA?tag=pckombo04b-20&linkCode=osi&th=1&psc=1
343,Corsair CX750,$75.64 USD,Corsair,CP-9020123-NA,843591084161,843591084161.0,750 W,ATX,80 Plus Bronze,https://www.amazon.ca/dp/B01N9KIFWF?tag=pckombo04b-20&linkCode=osi&th=1&psc=1
346,Corsair CX750M,$90.66 USD,Corsair,CP-9020061-NA,803982757555,843591042987.0,750 W,ATX,80 Plus Bronze,https://www.amazon.ca/Corsair-Modular-Bronze-ATX12V-EPS12V/dp/B00ALK3KEM?psc=1&SubscriptionId=AKIAI7B523DQIKTQ3BRQ&tag=pckombo04b-20&linkCode=xm2&camp=2025&creative=165953&creativeASIN=B00ALK3KEM
347,Corsair CX850M,$100.01 USD,Corsair,CP-9020099-NA,808113005284,843591054539.0,850 W,ATX,80 Plus Bronze,https://www.amazon.ca/Corsair-Modular-Bronze-ATX12V-CP-9020099-NA/dp/B00OVCJKWC?psc=1&SubscriptionId=AKIAI7B523DQIKTQ3BRQ&tag=pckombo04b-20&linkCode=xm2&camp=2025&creative=165953&creativeASIN=B00OVCJKWC
348,Corsair HX1000,$206.72 USD,Corsair,CP-9020139-NA,843591093477,843591093477.0,1000 W,ATX,80 Plus Platinum,https://www.amazon.ca/dp/B01N5NWKHH?tag=pckombo04b-20&linkCode=osi&th=1&psc=1
351,Corsair HX1000i High-Performance ATX Power Supply,$238.63 USD,Corsair,CP-9020074-NA,806293518730,843591041157.0,1000 W,ATX,80 Plus Platinum,https://www.amazon.ca/dp/B00M2UINT6?tag=pckombo04b-20&linkCode=osi&th=1&psc=1
354,Corsair HX750,$141.44 USD,Corsair,CP-9020137-NA,843591093316,843591093316.0,750 W,ATX,80 Plus Platinum,https://www.amazon.ca/dp/B01N6PEBNL?tag=pckombo04b-20&linkCode=osi&th=1&psc=1
357,Corsair HX750i High-Performance ATX Power Supply,$181.34 USD,Corsair,CP-9020072-NA,843591041300,804891030234.0,750 W,ATX,80 Plus Platinum,https://www.amazon.ca/dp/B00M2UINC8?tag=pckombo04b-20&linkCode=osi&th=1&psc=1
358,Corsair HX850,$152.32 USD,Corsair,CP-9020138-NA,843591093392,843591093392.0,850 W,ATX,80 Plus Platinum,https://www.amazon.ca/dp/B01NARQ2QU?tag=pckombo04b-20&linkCode=osi&th=1&psc=1
361,Corsair HX850i High-Performance ATX Power Supply,$199.47 USD,Corsair,CP-9020073-NA,8435910412254,843591041225.0,850 W,ATX,80 Plus Platinum,https://www.amazon.ca/dp/B00M2UIXX2?tag=pckombo04b-20&linkCode=osi&th=1&psc=1
375,Corsair RM1000x,$188.59 USD,Corsair,CP-9020094-NA,843591050906,843591050906.0,1000 W,ATX,80 Plus Gold,https://www.amazon.ca/dp/B015YEI7LK?tag=pckombo04b-20&linkCode=osi&th=1&psc=1
376,Corsair RM650i,$132.01 USD,Corsair,CP-9020081-NA,843591045520,843591045520.0,650 W,ATX,80 Plus Gold,https://www.amazon.ca/dp/B00YPNSRXU?tag=pckombo04b-20&linkCode=osi&th=1&psc=1
378,Corsair RM850i,$159.58 USD,Corsair,CP-9020083-NA,7426900770738,,850 W,ATX,80 Plus Gold,https://www.amazon.ca/Corsair-RM850i-Performance-Supply-CP-9020083-NA/dp/B00YPNSQBS?psc=1&SubscriptionId=AKIAI7B523DQIKTQ3BRQ&tag=pckombo04b-20&linkCode=xm2&camp=2025&creative=165953&creativeASIN=B00YPNSQBS
379,Corsair RM850x,$123.31 USD,Corsair,CP-9020093-NA,843591050821,843591050821.0,850 W,ATX,80 Plus Gold,https://www.amazon.ca/Corsair-RM850x-Modular-Certified-Warranty/dp/B015YEI8JG?psc=1&SubscriptionId=AKIAI7B523DQIKTQ3BRQ&tag=pckombo04b-20&linkCode=xm2&camp=2025&creative=165953&creativeASIN=B015YEI8JG
380,Corsair RM850x,$126.93 USD,Corsair,CP-9020156-NA,843591024914,843591024914.0,850 W,ATX,80 Plus Gold,https://www.amazon.ca/Corsair-CP-9020156-NA-RM850x-Certified-Modular/dp/B073GWFBQ3?psc=1&SubscriptionId=AKIAI7B523DQIKTQ3BRQ&tag=pckombo04b-20&linkCode=xm2&camp=2025&creative=165953&creativeASIN=B073GWFBQ3
383,Corsair RMX Series (2021) RM550x,$37.27 USD,Corsair,CP-9020197-EU,840006602750,,550 W,ATX,80 PLUS Gold,https://www.amazon.ca/dp/B00066HS4O?tag=pckombo04b-20&linkCode=osi&th=1&psc=1
395,Corsair SF450,$79.05 USD,Corsair,CP-9020104-NA,843591068963,843591068963.0,450 W,SFX,80 Plus Gold,https://www.amazon.ca/dp/B01CGGOXWQ?tag=pckombo04b-20&linkCode=osi&th=1&psc=1
396,Corsair SF600,$126.93 USD,Corsair,CP-9020105-NA,843591069045,843591069045.0,600 W,SFX,80 Plus Gold,https://www.amazon.ca/dp/B01CGI5M24?tag=pckombo04b-20&linkCode=osi&th=1&psc=1
405,Corsair VS400,$42.83 USD,Corsair,CP-9020117-NA,843591072984,843591072984.0,400 W,ATX,80 Plus,https://www.amazon.ca/Corsair-VS400-Active-Certified-Supply/dp/B01MYNN9PL?psc=1&SubscriptionId=AKIAI7B523DQIKTQ3BRQ&tag=pckombo04b-20&linkCode=xm2&camp=2025&creative=165953&creativeASIN=B01MYNN9PL
406,Corsair VS500,$41.38 USD,Corsair,CP-9020118-NA,843591073011,843591073011.0,500 W,ATX,80 Plus,https://www.amazon.ca/CORSAIR-VS500-Certified-Non-Modular-Supply/dp/B01N2HRRH4?SubscriptionId=AKIAI7B523DQIKTQ3BRQ&tag=pckombo04b-20&linkCode=xm2&camp=2025&creative=165953&creativeASIN=B01N2HRRH4
407,Corsair VS600,$49.13 USD,Corsair,CP-9020119-NA,843591073042,843591073042.0,600 W,ATX,80 Plus,https://www.amazon.ca/Corsair-CP-9020119-NA-Active-Certified-Supply/dp/B01MXM83A3?SubscriptionId=AKIAI7B523DQIKTQ3BRQ&tag=pckombo04b-20&linkCode=xm2&camp=2025&creative=165953&creativeASIN=B01MXM83A3
414,Cougar GX-F,$93.72 USD,Cougar,31TP055.0008,4715302449551,871520007141.0,550 W,ATX,80 Plus Gold,https://www.amazon.ca/dp/B07BFBD21F?tag=pckombo04b-20&linkCode=osi&th=1&psc=1
415,Cougar GX-F,$109.81 USD,Cougar,31TP075.0002,4715302449575,871520007165.0,750 W,ATX,80 Plus Gold,https://www.amazon.ca/dp/B07G7CJKQZ?tag=pckombo04b-20&linkCode=osi&th=1&psc=1
436,Enermax Platimax,$181.34 USD,Enermax,EPM850EWT,4713157720771,,850 W,ATX,80 Plus Platinum,https://www.amazon.ca/Enermax-Platimax-Multiple-Platinum-EPM850EWT/dp/B006X6VTR8?SubscriptionId=AKIAI7B523DQIKTQ3BRQ&tag=pckombo04b-20&linkCode=xm2&camp=2025&creative=165953&creativeASIN=B006X6VTR8
437,Enermax Platimax D.F.,$151.71 USD,Enermax,EPF600AWT,4713157722300,,600 W,ATX,80 Plus Platinum,https://www.amazon.ca/Platimax-Platinum-Certified-Technology-EPF600AWT/dp/B01NCLCU62?psc=1&SubscriptionId=AKIAI7B523DQIKTQ3BRQ&tag=pckombo04b-20&linkCode=xm2&camp=2025&creative=165953&creativeASIN=B01NCLCU62
441,EVGA 1000GQ,$192.22 USD,EVGA,210-GQ-1000-V1,792745451321,843368035662.0,1000 W,ATX,80 Plus Gold,https://www.amazon.ca/dp/B017ICWP82?tag=pckombo04b-20&linkCode=osi&th=1&psc=1
442,EVGA 400 N1,$36.26 USD,EVGA,100-N1-0400-L1,846830070406,843368031114.0,400 W,ATX,80 Plus,https://www.amazon.ca/dp/B00LV8TZAG?tag=pckombo04b-20&linkCode=osi&th=1&psc=1
443,EVGA 430 W1,$37.02 USD,EVGA,100-W1-0430-KR,7426801753786,731215283987.0,430 W,ATX,80 Plus,https://www.amazon.ca/EVGA-White-Warranty-Supply-100-W1-0430-KR/dp/B00H33SDR4?psc=1&SubscriptionId=AKIAI7B523DQIKTQ3BRQ&tag=pckombo04b-20&linkCode=xm2&camp=2025&creative=165953&creativeASIN=B00H33SDR4
444,EVGA 450 B3,$58.02 USD,EVGA,220-B3-0450-V1,843368045043,843368045043.0,450 W,ATX,80 Plus Bronze,https://www.amazon.ca/EVGA-Modular-Warranty-Compact-220-B3-0450-V1/dp/B06ZY55HPT?psc=1&SubscriptionId=AKIAI7B523DQIKTQ3BRQ&tag=pckombo04b-20&linkCode=xm2&camp=2025&creative=165953&creativeASIN=B06ZY55HPT
445,EVGA 450 BT,$54.4 USD,EVGA,100-BT-0450-K1,843368046071,843368046071.0,450 W,ATX,80 Plus Bronze,https://www.amazon.ca/dp/B01N9X3F8F?tag=pckombo04b-20&linkCode=osi&th=1&psc=1
447,EVGA 500 B1,$48.2 USD,EVGA,100-B1-0500-KR,803982895851,807030509783.0,500 W,ATX,80 Plus Bronze,https://www.amazon.ca/EVGA-Bronze-Supply-Warranty-100-B1-0500-KR/dp/B00DZ6R9GE?psc=1&SubscriptionId=AKIAI7B523DQIKTQ3BRQ&tag=pckombo04b-20&linkCode=xm2&camp=2025&creative=165953&creativeASIN=B00DZ6R9GE
448,EVGA 500 BQ,$54.89 USD,EVGA,110-BQ-0500-K1,843368043346,843368043346.0,500 W,ATX,80 Plus,https://www.amazon.ca/EVGA-Bronze-Modular-Warranty-110-BQ-0500-K1/dp/B01N3OAFHD?psc=1&SubscriptionId=AKIAI7B523DQIKTQ3BRQ&tag=pckombo04b-20&linkCode=xm2&camp=2025&creative=165953&creativeASIN=B01N3OAFHD
450,EVGA 500 W1,$25.38 USD,EVGA,100-W1-0500-KR,843368026318,843368026318.0,500 W,ATX,80 Plus,https://www.amazon.ca/dp/B00H33SFJU?tag=pckombo04b-20&linkCode=osi&th=1&psc=1
451,EVGA 550 B3,$77.46 USD,EVGA,220-B3-0550-V1,843368045098,843368045098.0,550 W,ATX,80 Plus Bronze,https://www.amazon.ca/dp/B071XS597S?tag=pckombo04b-20&linkCode=osi&th=1&psc=1
452,EVGA 550 N1,$64.54 USD,EVGA,100-N1-0550-L1,843368040246,843368040246.0,550 W,ATX,80 Plus,https://www.amazon.ca/dp/B01LYGJL0E?tag=pckombo04b-20&linkCode=osi&th=1&psc=1
453,EVGA 600 BQ,$66.15 USD,EVGA,110-BQ-0600-K1,843368043292,843368043292.0,600 W,ATX,80 Plus,https://www.amazon.ca/EVGA-BRONZE-Modular-Warranty-110-BQ-0600-K1/dp/B01MTJTO2O?psc=1&SubscriptionId=AKIAI7B523DQIKTQ3BRQ&tag=pckombo04b-20&linkCode=xm2&camp=2025&creative=165953&creativeASIN=B01MTJTO2O
454,EVGA 600 W1,$49.31 USD,EVGA,100-W1-0600-KR,843368043667,843368043667.0,600 W,ATX,80 Plus,https://www.amazon.ca/EVGA-100-W1-0600-KR-Power-Supply/dp/B01M0DTRCO?SubscriptionId=AKIAI7B523DQIKTQ3BRQ&tag=pckombo04b-20&linkCode=xm2&camp=2025&creative=165953&creativeASIN=B01M0DTRCO
455,EVGA 600B,$56.56 USD,EVGA,100-B1-0600-KR,4250812404497,,600 W,ATX,80 Plus Bronze,https://www.amazon.ca/EVGA-Bronze-Warranty-Tester-100-B1-0600-KR/dp/B00EON40CS?psc=1&SubscriptionId=AKIAI7B523DQIKTQ3BRQ&tag=pckombo04b-20&linkCode=xm2&camp=2025&creative=165953&creativeASIN=B00EON40CS
456,EVGA 650 B3,$78.3 USD,EVGA,220-B3-0650-V1,843368045142,843368045142.0,650 W,ATX,80 Plus Bronze,https://www.amazon.ca/EVGA-Modular-Warranty-Compact-220-B3-0650-V1/dp/B071R9Z77W?psc=1&SubscriptionId=AKIAI7B523DQIKTQ3BRQ&tag=pckombo04b-20&linkCode=xm2&camp=2025&creative=165953&creativeASIN=B071R9Z77W
457,EVGA 650 BQ,$54.4 USD,EVGA,110-BQ-0650-V1,843368036553,843368036553.0,650 W,ATX,80 Plus,https://www.amazon.ca/dp/B01FYDU8X6?tag=pckombo04b-20&linkCode=osi&th=1&psc=1
458,EVGA 650 GQ,$61.65 USD,EVGA,210-GQ-0650-V1,843368035709,843368035709.0,650 W,ATX,80 Plus Gold,https://www.amazon.ca/dp/B017HA3SQ8?tag=pckombo04b-20&linkCode=osi&th=1&psc=1
459,EVGA 650 N1,$54.4 USD,EVGA,100-N1-0650-L1,843368040277,843368040277.0,650 W,ATX,80 Plus,https://www.amazon.ca/dp/B01LYRXRDI?tag=pckombo04b-20&linkCode=osi&th=1&psc=1
460,EVGA 700 B1,$58.02 USD,EVGA,100-B1-0700-K1,734911129979,843368035075.0,700 W,ATX,80 Plus Bronze,https://www.amazon.ca/EVGA-Bronze-Warranty-Supply-100-B1-0700-K1/dp/B018JYHBE6?psc=1&SubscriptionId=AKIAI7B523DQIKTQ3BRQ&tag=pckombo04b-20&linkCode=xm2&camp=2025&creative=165953&creativeASIN=B018JYHBE6
462,EVGA 750 B3,$91.83 USD,EVGA,220-B3-0750-V1,843368045197,843368045197.0,750 W,ATX,80 Plus Bronze,https://www.amazon.ca/EVGA-Modular-Warranty-Compact-220-B3-0750-V1/dp/B071Y1NLZR?psc=1&SubscriptionId=AKIAI7B523DQIKTQ3BRQ&tag=pckombo04b-20&linkCode=xm2&camp=2025&creative=165953&creativeASIN=B071Y1NLZR
463,EVGA 750 GQ,$134.97 USD,EVGA,210-GQ-0750-V1,734911493582,843368035754.0,750 W,ATX,80 Plus Gold,https://www.amazon.ca/dp/B017HA3RGE?tag=pckombo04b-20&linkCode=osi&th=1&psc=1
464,EVGA 750 N1,$61.65 USD,EVGA,100-N1-0750-L1,843368040314,843368040314.0,750 W,ATX,80 Plus,https://www.amazon.ca/dp/B01LZ3WDQG?tag=pckombo04b-20&linkCode=osi&th=1&psc=1
465,EVGA 850 B3,$117.34 USD,EVGA,220-B3-0850-V1,843368045241,843368045241.0,850 W,ATX,80 Plus Bronze,https://www.amazon.ca/EVGA-Modular-Warranty-Compact-220-B3-0850-V1/dp/B071YB4RNM?psc=1&SubscriptionId=AKIAI7B523DQIKTQ3BRQ&tag=pckombo04b-20&linkCode=xm2&camp=2025&creative=165953&creativeASIN=B071YB4RNM
466,EVGA 850 BQ,$65.28 USD,EVGA,110-BQ-0850-V1,843368036607,843368036607.0,850 W,ATX,80 Plus,https://www.amazon.ca/dp/B01FYDUCA0?tag=pckombo04b-20&linkCode=osi&th=1&psc=1
467,EVGA 850 GQ,$137.08 USD,EVGA,210-GQ-0850-V1,843368035624,843368035624.0,850 W,ATX,80 Plus Gold,https://www.amazon.ca/dp/B017HA3SO0?tag=pckombo04b-20&linkCode=osi&th=1&psc=1
478,EVGA SuperNOVA 1000 G2,$158.86 USD,EVGA,120-G2-1000-XR,843368042707,843368023515.0,1000 W,ATX,80 Plus Gold,https://www.amazon.ca/EVGA-SuperNPVA-Modular-Warranty-220-G3-1000-X1/dp/B01LZ3SFB3?psc=1&SubscriptionId=AKIAI7B523DQIKTQ3BRQ&tag=pckombo04b-20&linkCode=xm2&camp=2025&creative=165953&creativeASIN=B01LZ3SFB3
479,EVGA SuperNOVA 1000 P2,$282.89 USD,EVGA,220-P2-1000-XR,803982723055,843368023881.0,1000 W,ATX,80 Plus Platinum,https://www.amazon.ca/dp/B00EKJQM5E?tag=pckombo04b-20&linkCode=osi&th=1&psc=1
481,EVGA SuperNOVA 1000 T2,$295.21 USD,EVGA,220-T2-1000-X1,843368035136,843368035136.0,1000 W,ATX,80 Plus Titanium,https://www.amazon.ca/dp/B018JYHGQE?tag=pckombo04b-20&linkCode=osi&th=1&psc=1
482,EVGA SuperNOVA 1050 GS,$84.92 USD,EVGA,220-GS-1050-V1,843368037628,843368037628.0,1050 W,ATX,80 Plus Gold,https://www.amazon.ca/dp/B019WAQQGU?tag=pckombo04b-20&linkCode=osi&th=1&psc=1
483,EVGA SuperNOVA 1200 P2,$308.28 USD,EVGA,220-P2-1200-X1,792745453769,843368030490.0,1200 W,ATX,80 Plus Platinum,https://www.amazon.ca/dp/B00KYK1CKI?tag=pckombo04b-20&linkCode=osi&th=1&psc=1
485,EVGA SuperNOVA 1600 G2,$377.97 USD,EVGA,120-G2-1600-X1,801940127136,843368030414.0,1600 W,ATX,80 Plus Gold,https://www.amazon.ca/EVGA-Supernova-Modular-Warranty-120-G2-1600-X1/dp/B00MMLUIE8?psc=1&SubscriptionId=AKIAI7B523DQIKTQ3BRQ&tag=pckombo04b-20&linkCode=xm2&camp=2025&creative=165953&creativeASIN=B00MMLUIE8
486,EVGA SuperNOVA 1600 P2,$401.09 USD,EVGA,220-P2-1600-X1,804067299502,843368030452.0,1600 W,ATX,80 Plus Gold,https://www.amazon.ca/EVGA-Supernova-Platinum-Warranty-220-P2-1600-X1/dp/B00NJG61JQ?psc=1&SubscriptionId=AKIAI7B523DQIKTQ3BRQ&tag=pckombo04b-20&linkCode=xm2&camp=2025&creative=165953&creativeASIN=B00NJG61JQ
487,EVGA SuperNOVA 1600 T2,$391.7 USD,EVGA,220-T2-1600-X1,843368032722,,1600 W,ATX,80 Plus Titanium,https://www.amazon.ca/dp/B00R33ZBQU?tag=pckombo04b-20&linkCode=osi&th=1&psc=1
488,EVGA SuperNOVA 550 G2,$97.92 USD,EVGA,220-G2-0550-Y1,843368034801,843368034801.0,550 W,ATX,80 Plus Gold,https://www.amazon.ca/EVGA-SuperNOVA-Modular-Tester-220-G2-0550-Y1/dp/B0106RDI3W?psc=1&SubscriptionId=AKIAI7B523DQIKTQ3BRQ&tag=pckombo04b-20&linkCode=xm2&camp=2025&creative=165953&creativeASIN=B0106RDI3W
490,EVGA SuperNOVA 650 G1,$101.55 USD,EVGA,120-G1-0650-XR,9126603897913,12302734729.0,650 W,ATX,80 Plus Gold,https://www.amazon.ca/EVGA-SuperNOVA-Modular-Warranty-120-G1-0650-XR/dp/B00K85X2AW?psc=1&SubscriptionId=AKIAI7B523DQIKTQ3BRQ&tag=pckombo04b-20&linkCode=xm2&camp=2025&creative=165953&creativeASIN=B00K85X2AW
491,EVGA SuperNOVA 650 G2,$108.8 USD,EVGA,220-G2-0650-Y1,843368034894,,650 W,ATX,80 Plus Gold,https://www.amazon.ca/EVGA-Supernova-Modular-Warranty-220-G2-0650-Y1/dp/B0106RDIN2?psc=1&SubscriptionId=AKIAI7B523DQIKTQ3BRQ&tag=pckombo04b-20&linkCode=xm2&camp=2025&creative=165953&creativeASIN=B0106RDIN2
492,EVGA SuperNOVA 650 P2,$145.03 USD,EVGA,220-P2-0650-X1,843368034719,843368034719.0,650 W,ATX,80 Plus Platinum,https://www.amazon.ca/dp/B010HWDPKW?tag=pckombo04b-20&linkCode=osi&th=1&psc=1
494,EVGA SuperNOVA 750 B2,$90.66 USD,EVGA,110-B2-0750-VR,843368027483,780746692126.0,750 W,ATX,80 Plus Bronze,https://www.amazon.ca/EVGA-SuperNOVA-Modular-Warranty-110-B2-0750-VR/dp/B00KFAFRW6?psc=1&SubscriptionId=AKIAI7B523DQIKTQ3BRQ&tag=pckombo04b-20&linkCode=xm2&camp=2025&creative=165953&creativeASIN=B00KFAFRW6
496,EVGA SuperNOVA 750 P2,$191.27 USD,EVGA,220-P2-0750-X1,843368034726,843368034726.0,750 W,ATX,80 Plus Platinum,https://www.amazon.ca/dp/B010HWDP48?tag=pckombo04b-20&linkCode=osi&th=1&psc=1
500,EVGA SuperNOVA 850 G3,$172.63 USD,EVGA,220-G3-0850-X1,843368042660,843368042660.0,850 W,ATX,80 Plus Gold,https://www.amazon.ca/dp/B01LY4OJYJ?tag=pckombo04b-20&linkCode=osi&th=1&psc=1
502,EVGA SuperNOVA 850 P2,$130.56 USD,EVGA,220-P2-0850-X1,843368034733,843368034733.0,850 W,ATX,80 Plus Platinum,https://www.amazon.ca/dp/B010HWDOH6?tag=pckombo04b-20&linkCode=osi&th=1&psc=1
503,EVGA SuperNOVA 850 T2,$279.26 USD,EVGA,220-T2-0850-X1,843368035129,843368035129.0,850 W,ATX,80 Plus Titanium,https://www.amazon.ca/dp/B018JYHGOQ?tag=pckombo04b-20&linkCode=osi&th=1&psc=1
510,EVGA SuperNOVA G3,$94.29 USD,EVGA,220-G3-0650-Y2,4250812414984,,650 W,ATX,80 Plus Gold,https://www.amazon.ca/EVGA-SuperNOVA-Modular-Warranty-220-G3-0650-Y1/dp/B01LYGFRL6?psc=1&SubscriptionId=AKIAI7B523DQIKTQ3BRQ&tag=pckombo04b-20&linkCode=xm2&camp=2025&creative=165953&creativeASIN=B01LYGFRL6
511,EVGA SuperNOVA G3,$116.05 USD,EVGA,220-G3-0850-X2,4250812415066,,850 W,ATX,80 Plus Gold,https://www.amazon.ca/EVGA-SuperNOVA-Modular-Warranty-220-G3-0850-X1/dp/B01LY4OJYJ?psc=1&SubscriptionId=AKIAI7B523DQIKTQ3BRQ&tag=pckombo04b-20&linkCode=xm2&camp=2025&creative=165953&creativeASIN=B01LY4OJYJ
601,MSI MEG Ai1300P PCIe5,$274.9 USD,MSI,306-7ZP4A11-CE0,4719072970260,,1300 W,ATX,80 PLUS Platinum,https://www.amazon.ca/dp/B0B433ZCRP?tag=pckombo04b-20&linkCode=osi&th=1&psc=1
602,MSI MPG A1000G PCIe5,$159.57 USD,MSI,306-7ZP7C11-CE0,4719072972196,824142293126.0,1000 W,ATX,80 PLUS Gold,https://www.amazon.ca/dp/B0B434DB7Y?tag=pckombo04b-20&linkCode=osi&th=1&psc=1
603,MSI MPG A850G PCIe5,$123.31 USD,MSI,306-7ZP7B11-CE0,4719072972189,824142293058.0,850 W,ATX,80 PLUS Platinum,https://www.amazon.ca/dp/B0B4345YV7?tag=pckombo04b-20&linkCode=osi&th=1&psc=1
606,NZXT E850 Modular,$134.16 USD,NZXT,NP-1PM-E850A-EU,5060301694358,,850 W,ATX,80 Plus Gold,https://www.amazon.ca/dp/B07CGCFWJY?tag=pckombo04b-20&linkCode=osi&th=1&psc=1
609,PHANTEKS AMP 80 PLUS Gold,$105.22 USD,PHANTEKS,PH-P750G,886523500834,,750 W,ATX,80 PLUS Gold,https://www.amazon.ca/dp/B07W5RSX99?tag=pckombo04b-20&linkCode=osi&th=1&psc=1
611,PHANTEKS AMP v2 80 PLUS Gold,$144.34 USD,PHANTEKS,PH-P1000G_02,886523510123,,1000 W,ATX,80 PLUS Gold,https://www.amazon.ca/dp/B0BWPL4N3Q?tag=pckombo04b-20&linkCode=osi&th=1&psc=1
612,PHANTEKS Revolt Pro 80 PLUS Gold,$118.29 USD,PHANTEKS,PH-P850GC_EU,886523500292,,850 W,ATX,80 PLUS Gold,https://www.amazon.ca/dp/B07JVC234Z?tag=pckombo04b-20&linkCode=osi&th=1&psc=1
613,PHANTEKS Revolt Pro 80 PLUS Gold,$145.68 USD,PHANTEKS,PH-P1000GC_EU,886523500285,,1000 W,ATX,80 PLUS Gold,https://www.amazon.ca/dp/B07J64QRVH?tag=pckombo04b-20&linkCode=osi&th=1&psc=1
617,PHANTEKS Revolt SFX 80 PLUS Platinum,$163.2 USD,PHANTEKS,PH-P850PSF_02,886523510116,,850 W,SFX,80 PLUS Platinum,https://www.amazon.ca/dp/B0BVNY4LKY?tag=pckombo04b-20&linkCode=osi&th=1&psc=1
618,PHANTEKS Revolt X 80 PLUS Platinum,$208.51 USD,PHANTEKS,PH-P1000PS_EU,886523500377,,1000 W,ATX,80 PLUS Platinum,https://www.amazon.ca/dp/B07H7LHKBR?tag=pckombo04b-20&linkCode=osi&th=1&psc=1
619,PHANTEKS Revolt X 80 PLUS Platinum,$241.32 USD,PHANTEKS,PH-P1200PS_EU,886523500360,,1200 W,ATX,80 PLUS Platinum,https://www.amazon.ca/dp/B07H7K5C8W?tag=pckombo04b-20&linkCode=osi&th=1&psc=1
622,Seasonic FOCUS 650 GOLD,$86.86 USD,Seasonic,SSR-650FM,4711173873396,4711173873396.0,650 W,ATX,80 Plus Gold,https://www.amazon.ca/Seasonic-SSR-650FM-Supply-Semi-Modular-warrenty/dp/B07793TFW8?psc=1&SubscriptionId=AKIAI7B523DQIKTQ3BRQ&tag=pckombo04b-20&linkCode=xm2&camp=2025&creative=165953&creativeASIN=B07793TFW8
623,Seasonic FOCUS 750 GOLD,$90.66 USD,Seasonic,SSR-750FM,4711173873402,4711173873402.0,750 W,ATX,80 Plus Gold,https://www.amazon.ca/dp/B0778XF1HL?tag=pckombo04b-20&linkCode=osi&th=1&psc=1
624,Seasonic Focus 80 PLUS Gold,$72.53 USD,Seasonic,SSR-450FM,4711173873372,4711173873372.0,450 W,ATX,80 PLUS Gold,https://www.amazon.ca/Seasonic-SSR-450FM-Supply-Semi-Modular-Warranty/dp/B0778XB7CK?psc=1&SubscriptionId=AKIAI7B523DQIKTQ3BRQ&tag=pckombo04b-20&linkCode=xm2&camp=2025&creative=165953&creativeASIN=B0778XB7CK
625,Seasonic Focus 80 PLUS Gold,$187.13 USD,Seasonic,FOCUS-SGX-750,4711173877110,,750 W,"ATX, SFX",80 PLUS Gold,https://www.amazon.ca/dp/B09TDV18HG?tag=pckombo04b-20&linkCode=osi&th=1&psc=1
628,Seasonic Focus Plus,$145.07 USD,Seasonic,SSR-850FX,4711173873570,4711173873570.0,850 W,ATX,80 Plus Gold,https://www.amazon.ca/dp/B073H3ZZQZ?tag=pckombo04b-20&linkCode=osi&th=1&psc=1
629,Seasonic Focus Plus Gold,$73.95 USD,Seasonic,SSR-550FX,4711173873341,4711173873341.0,550 W,ATX,80 PLUS Gold,https://www.amazon.ca/Seasonic-SSR-550FX-ATX12V-Modular-Compact/dp/B073GY89G5?psc=1&SubscriptionId=AKIAI7B523DQIKTQ3BRQ&tag=pckombo04b-20&linkCode=xm2&camp=2025&creative=165953&creativeASIN=B073GY89G5
630,Seasonic Focus Plus Gold,$76.16 USD,Seasonic,SSR-650FX,4711173873358,4711173873358.0,650 W,ATX,80 PLUS Gold,https://www.amazon.ca/dp/B073H33X7R?tag=pckombo04b-20&linkCode=osi&th=1&psc=1
631,Seasonic Focus Plus Gold,$83.41 USD,Seasonic,SSR-750FX,4711173873365,4711173873365.0,750 W,ATX,80 PLUS Gold,https://www.amazon.ca/dp/B073GWKDVM?tag=pckombo04b-20&linkCode=osi&th=1&psc=1
632,Seasonic Focus Plus Gold,$177.78 USD,Seasonic,SSR-1000FX,4711173874010,4711173874010.0,1000 W,ATX,80 PLUS Gold,https://www.amazon.ca/dp/B078T1XSJ1?tag=pckombo04b-20&linkCode=osi&th=1&psc=1
634,Seasonic Focus Plus Platinum,$103.06 USD,Seasonic,SSR-550PX,4711173873563,4711173873563.0,550 W,ATX,80 PLUS Platinum,https://www.amazon.ca/dp/B074N8YBK9?tag=pckombo04b-20&linkCode=osi&th=1&psc=1
635,Seasonic Focus PX 80 PLUS Platinum,$130.22 USD,Seasonic,FOCUS-PX-550,4711173874669,,550 W,ATX,80 PLUS Platinum,https://www.amazon.ca/dp/B07W92T29L?tag=pckombo04b-20&linkCode=osi&th=1&psc=1
636,Seasonic Focus PX 80 PLUS Platinum,$137.81 USD,Seasonic,FOCUS-PX-850,4711173874638,,850 W,ATX,80 PLUS Platinum,https://www.amazon.ca/dp/B07W4PMQDJ?tag=pckombo04b-20&linkCode=osi&th=1&psc=1
637,Seasonic Focus PX 80 Plus Platinum 650 Watt,$137.81 USD,Seasonic,FOCUS-PX-650,4711173874652,,650 W,ATX,80 PLUS Platinum,https://www.amazon.ca/dp/B07W7YD7D1?tag=pckombo04b-20&linkCode=osi&th=1&psc=1
639,Seasonic Focus SGX 80 PLUS Gold SFX,$123.31 USD,Seasonic,SSR-650SGX,4711173874522,,650 W,"ATX, SFX-L",80 PLUS Gold,https://www.amazon.ca/dp/B07JVQQK69?tag=pckombo04b-20&linkCode=osi&th=1&psc=1
641,Seasonic Focus+,$113.88 USD,Seasonic,SSR-650PX,4711173873556,4711173873556.0,650 W,ATX,80 Plus Platinum,https://www.amazon.ca/Seasonic-Platinum-SSR-650PX-Modular-Warranty/dp/B074N8RG74?psc=1&SubscriptionId=AKIAI7B523DQIKTQ3BRQ&tag=pckombo04b-20&linkCode=xm2&camp=2025&creative=165953&creativeASIN=B074N8RG74
642,Seasonic Focus+,$140.86 USD,Seasonic,SSR-750PX,4711173873549,4711173873549.0,750 W,ATX,80 Plus Platinum,https://www.amazon.ca/Seasonic-SSR-750PX-Power-Supply/dp/B074NB1PBZ?psc=1&SubscriptionId=AKIAI7B523DQIKTQ3BRQ&tag=pckombo04b-20&linkCode=xm2&camp=2025&creative=165953&creativeASIN=B074NB1PBZ
643,Seasonic Focus+,$145.07 USD,Seasonic,SSR-850PX,4711173873532,4711173873532.0,850 W,ATX,80 Plus Platinum,https://www.amazon.ca/dp/B074N9FNV2?tag=pckombo04b-20&linkCode=osi&th=1&psc=1
661,Seasonic M12II Evo 80 PLUS Bronze,$54.4 USD,Seasonic,SS-520GM F3,4711173870760,882016000805.0,520 W,ATX,80 PLUS Bronze,https://www.amazon.ca/Seasonic-M12II-Bronze-80Plus-Supply/dp/B0038T0V8Q?psc=1&SubscriptionId=AKIAI7B523DQIKTQ3BRQ&tag=pckombo04b-20&linkCode=xm2&camp=2025&creative=165953&creativeASIN=B0038T0V8Q
672,Seasonic Platinum 760,$31.67 USD,Seasonic,SS-760XP2,863121572289,239429866526.0,760 W,ATX,80 Plus Platinum,https://www.amazon.ca/dp/B00R10LKK6?tag=pckombo04b-20&linkCode=osi&th=1&psc=1
679,Seasonic Prime,$122.38 USD,Seasonic,SSR-550PD2,4711173873853,4711173873853.0,550 W,ATX,80 Plus Platinum,https://www.amazon.ca/Seasonic-Platinum-SSR-550PD2-Modular-Warranty/dp/B078954H55?psc=1&SubscriptionId=AKIAI7B523DQIKTQ3BRQ&tag=pckombo04b-20&linkCode=xm2&camp=2025&creative=165953&creativeASIN=B078954H55
680,Seasonic Prime,$193.36 USD,Seasonic,SSR-750TR,4711173873822,4711173873822.0,750 W,ATX,80 Plus Titanium,https://www.amazon.ca/Seasonic-Titanium-Poweron-Self-Warranty-SSR-750TR/dp/B075M3WC9K?psc=1&SubscriptionId=AKIAI7B523DQIKTQ3BRQ&tag=pckombo04b-20&linkCode=xm2&camp=2025&creative=165953&creativeASIN=B075M3WC9K
681,Seasonic Prime,$211.82 USD,Seasonic,SSR-850TR,4711173873839,4711173873839.0,850 W,ATX,80 Plus Titanium,https://www.amazon.ca/dp/B075M3R4YB?tag=pckombo04b-20&linkCode=osi&th=1&psc=1
682,Seasonic Prime,$261.13 USD,Seasonic,SSR-1000TR,4711173873846,4711173873846.0,1000 W,ATX,80 Plus Titanium,https://www.amazon.ca/Seasonic-Titanium-Modular-Warranty-SSR-1000TR/dp/B075M8FH4C?psc=1&SubscriptionId=AKIAI7B523DQIKTQ3BRQ&tag=pckombo04b-20&linkCode=xm2&camp=2025&creative=165953&creativeASIN=B075M8FH4C
686,Seasonic Prime 80 PLUS Gold,$239.37 USD,Seasonic,SSR-1300GD,4711173873969,4711173873969.0,1300 W,ATX,80 PLUS Gold,https://www.amazon.ca/Seasonic-SSR-1300GD-ATX12V-Modular-Warranty/dp/B0787HCJY1?psc=1&SubscriptionId=AKIAI7B523DQIKTQ3BRQ&tag=pckombo04b-20&linkCode=xm2&camp=2025&creative=165953&creativeASIN=B0787HCJY1
687,Seasonic Prime 80 PLUS Platinum,$280.73 USD,Seasonic,SSR-1300PD,4711173873907,4711173873907.0,1300 W,ATX,80 PLUS Platinum,https://www.amazon.ca/Seasonic-Platinum-SSR-1300PD-Modular-Warranty/dp/B0788DL6VN?psc=1&SubscriptionId=AKIAI7B523DQIKTQ3BRQ&tag=pckombo04b-20&linkCode=xm2&camp=2025&creative=165953&creativeASIN=B0788DL6VN
688,Seasonic Prime Fanless 80 PLUS Titanium,$224.86 USD,Seasonic,SSR-600TL,4711173873310,4711173873310.0,600 W,ATX,80 PLUS Titanium,https://www.amazon.ca/Seasonic-Titanium-SSR-600TL-Fanless-Warranty/dp/B01N9OLE9X?psc=1&SubscriptionId=AKIAI7B523DQIKTQ3BRQ&tag=pckombo04b-20&linkCode=xm2&camp=2025&creative=165953&creativeASIN=B01N9OLE9X
689,Seasonic Prime Fanless PX,$141.19 USD,Seasonic,PRIME-PX-450,4711173875604,,450 W,ATX,80 PLUS Titanium,https://www.amazon.ca/dp/B086PHT9MC?tag=pckombo04b-20&linkCode=osi&th=1&psc=1
690,Seasonic Prime Fanless PX,$158.38 USD,Seasonic,PRIME-PX-500,4711173875598,,500 W,ATX,80 PLUS Titanium,https://www.amazon.ca/dp/B0869RSK7X?tag=pckombo04b-20&linkCode=osi&th=1&psc=1
694,Seasonic Prime Snow Silent 80 PLUS Gold,$115.22 USD,Seasonic,SSR-550G,4711173874027,,550 W,ATX,80 PLUS Gold,https://www.amazon.ca/Seasonic-550-SSR-550GD2-Modular-Warranty/dp/B07BX7RZ3H?psc=1&SubscriptionId=AKIAI7B523DQIKTQ3BRQ&tag=pckombo04b-20&linkCode=xm2&camp=2025&creative=165953&creativeASIN=B07BX7RZ3H
695,Seasonic Prime Snow Silent 80 PLUS Platinum,$155.26 USD,Seasonic,SSR-650P,4711173874034,,650 W,ATX,80 PLUS Platinum,https://www.amazon.ca/Seasonic-650-Platinum-SSR-650PD2-Warranty/dp/B07BYF9S3N?psc=1&SubscriptionId=AKIAI7B523DQIKTQ3BRQ&tag=pckombo04b-20&linkCode=xm2&camp=2025&creative=165953&creativeASIN=B07BYF9S3N
696,Seasonic Prime Snow Silent 80 PLUS Titanium,$176.06 USD,Seasonic,SSR-750T,4711173873730,,750 W,ATX,80 PLUS Titanium,https://www.amazon.ca/Seasonic-Titanium-SSR-750TR-Modular-Warranty/dp/B07BYX1SL9?psc=1&SubscriptionId=AKIAI7B523DQIKTQ3BRQ&tag=pckombo04b-20&linkCode=xm2&camp=2025&creative=165953&creativeASIN=B07BYX1SL9
697,Seasonic Prime TX 80 PLUS Titanium,$217.61 USD,Seasonic,PRIME-TX-850,4711173874126,,850 W,ATX,80 PLUS Titanium,https://www.amazon.ca/dp/B07X9VYLHH?tag=pckombo04b-20&linkCode=osi&th=1&psc=1
698,Seasonic Prime Ultra,$131.29 USD,Seasonic,SSR-650GD2,4711173873921,4711173873921.0,650 W,ATX,80 Plus Gold,https://www.amazon.ca/Seasonic-SSR-650GD2-ATX12V-Modular-Warranty/dp/B075M5322P?psc=1&SubscriptionId=AKIAI7B523DQIKTQ3BRQ&tag=pckombo04b-20&linkCode=xm2&camp=2025&creative=165953&creativeASIN=B075M5322P
701,Seasonic Prime Ultra 80 PLUS Gold,$112.43 USD,Seasonic,SSR-550GD,4711173873914,4711173873914.0,550 W,ATX,80 PLUS Gold,https://www.amazon.ca/Seasonic-SSR-550GD2-ATX12V-Modular-Warranty/dp/B0778Z6TQ6?psc=1&SubscriptionId=AKIAI7B523DQIKTQ3BRQ&tag=pckombo04b-20&linkCode=xm2&camp=2025&creative=165953&creativeASIN=B0778Z6TQ6
703,Seasonic Prime Ultra 80 PLUS Platinum,$153.55 USD,Seasonic,SSR-750PD2,4711173873877,,750 W,ATX,80 PLUS Platinum,https://www.amazon.ca/Seasonic-Platinum-SSR-750PD2-Warranty-Packaging/dp/B075M4SJL6?psc=1&SubscriptionId=AKIAI7B523DQIKTQ3BRQ&tag=pckombo04b-20&linkCode=xm2&camp=2025&creative=165953&creativeASIN=B075M4SJL6
704,Seasonic Prime Ultra 80 PLUS Platinum,$213.74 USD,Seasonic,SSR-1000PD2,4711173873891,,1000 W,ATX,80 PLUS Platinum,https://www.amazon.ca/Seasonic-Platinum-SSR-1000PD-Modular-Warranty/dp/B075M3B1R7?psc=1&SubscriptionId=AKIAI7B523DQIKTQ3BRQ&tag=pckombo04b-20&linkCode=xm2&camp=2025&creative=165953&creativeASIN=B075M3B1R7
712,"Seasonic S12II, GB 80 PLUS Bronze",$50.77 USD,Seasonic,SS-520GB F3,4711173870784,882016000829.0,520 W,ATX,80 PLUS Bronze,https://www.amazon.ca/Seasonic-Bronze-80Plus-Power-Supply/dp/B00390P1NO?psc=1&SubscriptionId=AKIAI7B523DQIKTQ3BRQ&tag=pckombo04b-20&linkCode=xm2&camp=2025&creative=165953&creativeASIN=B00390P1NO
724,Seasonic X-650,$105.48 USD,Seasonic,SS-650KM3,320127544066,4711173870722.0,650 W,ATX,80 Plus Gold,https://www.amazon.ca/SeaSonic-650W-Power-Supply-SS-650KM3/dp/B002VA7RPS?psc=1&SubscriptionId=AKIAI7B523DQIKTQ3BRQ&tag=pckombo04b-20&linkCode=xm2&camp=2025&creative=165953&creativeASIN=B002VA7RPS
740,SilverStone SST-FX350-G Flex Series 80 PLUS Gold,$90.82 USD,Silverstone,SST-FX350-G,4710007225912,844761017897.0,350 W,ATX,80 PLUS Gold,https://www.amazon.ca/dp/B07QGMX5DW?tag=pckombo04b-20&linkCode=osi&th=1&psc=1
752,Silverstone SST-NJ450-SXL Nightjar-Series,$163.66 USD,Silverstone,SST-NJ450-SXL,4710007226186,,450 W,"ATX, SFX-L",80 PLUS Platinum,https://www.amazon.ca/SilverStone-Technology-SST-NJ450-SXL-Fanless-Platinum/dp/B07F6JZ9NQ?psc=1&SubscriptionId=AKIAI7B523DQIKTQ3BRQ&tag=pckombo04b-20&linkCode=xm2&camp=2025&creative=165953&creativeASIN=B07F6JZ9NQ
757,SilverStone SST-ST1000-PTS Strider Platinum Series 80 PLUS Platinum,$268.19 USD,Silverstone,SST-ST1000-PTS,4710007226575,844761016579.0,1000 W,ATX,80 PLUS Platinum,https://www.amazon.ca/dp/B07N4RZRPY?tag=pckombo04b-20&linkCode=osi&th=1&psc=1
761,SilverStone SST-ST1200-PTS Strider Platinum Series 80 PLUS Platinum,$261.13 USD,Silverstone,SST-ST1200-PTS,4710007226582,844761016586.0,1200 W,ATX,80 PLUS Platinum,https://www.amazon.ca/dp/B07N4QD7RM?tag=pckombo04b-20&linkCode=osi&th=1&psc=1
771,Silverstone SST-ST45SF-G V2.0 Strider Serie SFX Gold,$115.42 USD,Silverstone,SST-ST45SF-G V2.0,4710713968820,844761008826.0,450 W,SFX,80 Plus Gold,https://www.amazon.ca/dp/B008VQ2Y4K?tag=pckombo04b-20&linkCode=osi&th=1&psc=1
806,Silverstone SST-SX500-G SFX 80 PLUS Gold,$92.3 USD,Silverstone,SST-SX500-G,4710007225332,,500 W,SFX,80 PLUS Gold,https://www.amazon.ca/SilverStone-Technology-SST-SX500-G-Improved-Capacitors/dp/B075M5FRQS?psc=1&SubscriptionId=AKIAI7B523DQIKTQ3BRQ&tag=pckombo04b-20&linkCode=xm2&camp=2025&creative=165953&creativeASIN=B075M5FRQS
810,Silverstone SST-SX650-G SFX 80 PLUS Gold,$133.66 USD,Silverstone,SST-SX650-G,4710007225349,,650 W,SFX,80 PLUS Gold,https://www.amazon.ca/SilverStone-Technology-SST-SX650-G-Improved-Capacitors/dp/B075M5T9Q8?psc=1&SubscriptionId=AKIAI7B523DQIKTQ3BRQ&tag=pckombo04b-20&linkCode=xm2&camp=2025&creative=165953&creativeASIN=B075M5T9Q8
818,SilverStone SST-TX500-G TFX,$209.93 USD,Silverstone,SST-TX500-G,4710679810454,844761020453.0,500 W,TFX,80 PLUS Gold,https://www.amazon.ca/dp/B08WT6WCCQ?tag=pckombo04b-20&linkCode=osi&th=1&psc=1
874,Thermaltake Smart Pro RGB 80Plus Bronze modular,$72.53 USD,Thermaltake,PS-SPR-0650FPCBEU-R,4717964407382,,650 W,ATX,80 Plus Bronze,https://www.amazon.ca/dp/B01N5LEHTS?tag=pckombo04b-20&linkCode=osi&th=1&psc=1
875,Thermaltake Smart Pro RGB 80Plus Bronze modular,$113.15 USD,Thermaltake,PS-SPR-0850FPCBEU-R,4717964407429,,850 W,ATX,80 Plus Bronze,https://www.amazon.ca/dp/B01N2ZU83P?tag=pckombo04b-20&linkCode=osi&th=1&psc=1
885,Thermaltake Toughpower Grand RGB 80 PLUS Gold modular,$98.98 USD,Thermaltake,PS-TPG-0750FPCGEU-R,4717964406903,,750 W,ATX,80 PLUS Gold,https://www.amazon.ca/dp/B01N4C39AR?tag=pckombo04b-20&linkCode=osi&th=1&psc=1
886,Thermaltake Toughpower Grand RGB 80 PLUS Gold modular,$105.17 USD,Thermaltake,PS-TPG-0650FPCGEU-R,4717964406927,,650 W,ATX,80 PLUS Gold,https://www.amazon.ca/dp/B01N7GD5HN?tag=pckombo04b-20&linkCode=osi&th=1&psc=1
887,Thermaltake Toughpower Grand RGB 80 PLUS Gold modular,$147.97 USD,Thermaltake,PS-TPG-0850FPCGEU-R,4717964406880,,850 W,ATX,80 PLUS Gold,https://www.amazon.ca/dp/B01MQU6CWU?tag=pckombo04b-20&linkCode=osi&th=1&psc=1
895,Thermaltake TR2 S,$40.61 USD,Thermaltake,PS-TRS-0700NPCWEU-2,4717964401908,,700 W,ATX,80 Plus,https://www.amazon.ca/dp/B014W3EMAO?tag=pckombo04b-20&linkCode=osi&th=1&psc=1
901,XFX PRO1000W Black Edition Full Modular,$267.26 USD,XFX,P1-1000-BELX,778656055636,,1000 W,ATX,80 Plus Platinum,https://www.amazon.ca/1000w-Black-Modular-80plus-Platinum/dp/B0067G6PA0?psc=1&SubscriptionId=AKIAI7B523DQIKTQ3BRQ&tag=pckombo04b-20&linkCode=xm2&camp=2025&creative=165953&creativeASIN=B0067G6PA0
