,Name,Price,Producer,MPN,EAN,UPC,Form Factor,Protocol,Size,NAND,Controller,Product Page
0,Crucial P2 1000 GB,$78.51 USD,Crucial,CT1000P2SSD8,649528823472,,M.2,NVM,1000 GB,TLC,Phison PS5013-E13T,https://www.amazon.ca/dp/B089DNM8LR?tag=pckombo04b-20&linkCode=osi&th=1&psc=1
1,ADATA XPG SX8200 Pro Series 2000 GB,$217.61 USD,ADATA,ASX8200PNP-2TT-C,4710273772875,,M.2,NVM,2000 GB,TLC,Silicon Motion SM2262EN,https://www.amazon.ca/dp/B07TY2TN64?tag=pckombo04b-20&linkCode=osi&th=1&psc=1
2,ADATA XPG SX8200 Pro Series 512 GB,$261.13 USD,ADATA,ASX8200PNP-512GT-C,4713218469458,,M.2,NVM,512 GB,TLC,Silicon Motion SM2262EN,https://www.amazon.ca/XPG-SX8200-Gen3x4-3000MB-ASX8200PNP-2TT-C/dp/B07TY2TN64?psc=1&SubscriptionId=AKIAI7B523DQIKTQ3BRQ&tag=pckombo04b-20&linkCode=xm2&camp=2025&creative=165953&creativeASIN=B07TY2TN64
4,ADATA XPG SX8200 Series,$82.74 USD,ADATA,ASX8200NP-240GT-C,4713218463678,,M.2,NVM,240 GB,,Silicon Motion SM2262,https://www.amazon.ca/XPG-SX8200-240GB-Gen3x4-ASX8200NP-240GT-C/dp/B07BLNFSQN?psc=1&SubscriptionId=AKIAI7B523DQIKTQ3BRQ&tag=pckombo04b-20&linkCode=xm2&camp=2025&creative=165953&creativeASIN=B07BLNFSQN
5,ADATA XPG SX8200 Series,$161.48 USD,ADATA,ASX8200NP-480GT-C,4713218463685,,M.2,NVM,480 GB,TLC,Silicon Motion SM2262,https://www.amazon.ca/dp/B07BLMP9ZT?tag=pckombo04b-20&linkCode=osi&th=1&psc=1
7,Corsair MP400 1000 GB,$123.31 USD,Corsair,CSSD-F1000GBMP400,840006623250,,M.2,NVM,1000 GB,QLC,PS5012-E12S,https://www.amazon.ca/dp/B08JV25ZL3?tag=pckombo04b-20&linkCode=osi&th=1&psc=1
9,Corsair MP400 4000 GB,$553.45 USD,Corsair,CSSD-F4000GBMP400,840006623274,,M.2,NVM,4000 GB,QLC,PS5012-E12S,https://www.amazon.ca/dp/B08JTQTWRM?tag=pckombo04b-20&linkCode=osi&th=1&psc=1
11,Corsair MP600 1000 GB,$162.46 USD,Corsair,CSSD-F1000GBMP600,840006614517,,M.2,NVM,1000 GB,MLC,Phisons PS5016-E16,https://www.amazon.ca/dp/B07SQZYW2V?tag=pckombo04b-20&linkCode=osi&th=1&psc=1
12,Corsair MP600 2000 GB,$248.07 USD,Corsair,CSSD-F2000GBMP600,840006614524,,M.2,NVM,2000 GB,MLC,Phisons PS5016-E16,https://www.amazon.ca/dp/B07SNGBW84?tag=pckombo04b-20&linkCode=osi&th=1&psc=1
13,Corsair MP600 500 GB,$90.66 USD,Corsair,CSSD-F500GBMP600,840006614531,,M.2,NVM,500 GB,TLC,Phisons PS5016-E16,https://www.amazon.ca/dp/B07WS1BRX4?tag=pckombo04b-20&linkCode=osi&th=1&psc=1
14,Corsair MP600 Pro 1000 GB,$94.31 USD,Corsair,CSSD-F1000GBMP600PRO,840006637325,,M.2,NVM,1000 GB,TLC,"Phison PS5018-E18, 8 Kanäle",https://www.amazon.ca/dp/B08T9ZNSFN?tag=pckombo04b-20&linkCode=osi&th=1&psc=1
15,Corsair MP600 Pro 2000 GB,$146.64 USD,Corsair,CSSD-F2000GBMP600PRO,840006637349,,M.2,NVM,2000 GB,TLC,"Phison PS5018-E18, 8 Kanäle",https://www.amazon.ca/dp/B08T9ZY5SY?tag=pckombo04b-20&linkCode=osi&th=1&psc=1
16,Crucial MX500 1000 GB,$59.51 USD,Crucial,CT1000MX500SSD1,649528785060,649528785060.0,SATA,SATA,1000 GB,TLC,Silicon Motion SM2258,https://www.amazon.ca/dp/B078211KBB?tag=pckombo04b-20&linkCode=osi&th=1&psc=1
17,Crucial MX500 2000 GB,$112.41 USD,Crucial,CT2000MX500SSD1,649528785077,649528785077.0,SATA,SATA,2000 GB,TLC,Silicon Motion SM2258,https://www.amazon.ca/dp/B003J5JB12?tag=pckombo04b-20&linkCode=osi&th=1&psc=1
18,Crucial MX500 500 GB,$36.25 USD,Crucial,CT500MX500SSD1,649528785053,649528785053.0,SATA,SATA,500 GB,TLC,Silicon Motion SM2258,https://www.amazon.ca/dp/B0786QNS9B?tag=pckombo04b-20&linkCode=osi&th=1&psc=1
20,Crucial P1 1000 GB,$102.15 USD,Crucial,CT1000P1SSD8,649528787354,,M.2,NVM,1000 GB,QLC,Silicon Motion SM2263EN,https://www.amazon.ca/dp/B07J2Q4SWZ?tag=pckombo04b-20&linkCode=osi&th=1&psc=1
21,Crucial P1 500 GB,$59.73 USD,Crucial,CT500P1SSD8,649528787347,649528787347.0,M.2,NVM,500 GB,QLC,Silicon Motion SM2263EN,https://www.amazon.ca/dp/B07J2WBKXF?tag=pckombo04b-20&linkCode=osi&th=1&psc=1
22,Crucial P2 250 GB,$36.84 USD,Crucial,CT250P2SSD8,649528823410,,M.2,NVM,250 GB,TLC,Phison PS5013-E13T,https://www.amazon.ca/dp/B086BKGSC1?tag=pckombo04b-20&linkCode=osi&th=1&psc=1
23,Crucial P2 500 GB,$36.39 USD,Crucial,CT500P2SSD8,649528823427,,M.2,NVM,500 GB,TLC,Phison PS5013-E13T,https://www.amazon.ca/dp/B086BGWNY8?tag=pckombo04b-20&linkCode=osi&th=1&psc=1
24,Gigabyte Aorus 2000 GB,$454.98 USD,Gigabyte,GP-ASM2NE6200TTTD,4719331805791,,M.2,NVM,2000 GB,TLC,Phison PS5016-E16,https://www.amazon.ca/GIGABYTE-PCI-Express-Interface-Performance-GP-ASM2NE6200TTTD/dp/B07TJX83W2?SubscriptionId=AKIAI7B523DQIKTQ3BRQ&tag=pckombo04b-20&linkCode=xm2&camp=2025&creative=165953&creativeASIN=B07TJX83W2
25,Intel 660P 2000 GB,$338.75 USD,Intel,SSDPEKNW020T8X1,735858381093,735858381529.0,M.2,NVM,2000 GB,QLC,Silicon Motion SM2263EN,https://www.amazon.ca/dp/B07GCLLKDC?tag=pckombo04b-20&linkCode=osi&th=1&psc=1
26,Intel 660P 512 GB,$55.03 USD,Intel,SSDPEKNW512G8X1,735858381062,735858381499.0,M.2,NVM,512 GB,QLC,Silicon Motion SM2263EN,https://www.amazon.ca/dp/B07HJB3WLB?tag=pckombo04b-20&linkCode=osi&th=1&psc=1
29,Sabrent Rocket,$87.77 USD,Sabrent,SB-ROCKET-512,840025210622,,M.2,NVM,512 GB,TLC,Phison PS5012,https://www.amazon.ca/Sabrent-Rocket-Internal-Performance-SB-ROCKET-512/dp/B07KGMBCKD?psc=1&SubscriptionId=AKIAI7B523DQIKTQ3BRQ&tag=pckombo04b-20&linkCode=xm2&camp=2025&creative=165953&creativeASIN=B07KGMBCKD
30,Sabrent Rocket,$97.92 USD,Sabrent,SB-ROCKET-1TB,840025210639,,M.2,NVM,1000 GB,TLC,Phison PS5012,https://www.amazon.ca/dp/B07LGF54XR?tag=pckombo04b-20&linkCode=osi&th=1&psc=1
31,Samsung 860 EVO Series 1000 GB,$166.84 USD,SAMSUNG,MZ-76E1T0B/EU,8806088934884,,SATA,SATA,1000 GB,TLC,Samsung MJX,https://www.amazon.ca/dp/B078WST5RK?tag=pckombo04b-20&linkCode=osi&th=1&psc=1
33,Samsung 860 EVO Series 500 GB,$130.92 USD,SAMSUNG,MZ-76E500B/EU,8806088936017,,SATA,SATA,500 GB,TLC,Samsung MJX,https://www.amazon.ca/dp/B078WQT6S6?tag=pckombo04b-20&linkCode=osi&th=1&psc=1
37,Samsung 970 EVO,$123.31 USD,SAMSUNG,MZ-V7E250BW,8801643205386,,M.2,NVM,250 GB,MLC,Samsung Phoenix,https://www.amazon.ca/Samsung-Internal-MZ-V7E250BW-Canada-Version/dp/B07BN5FJZQ?psc=1&SubscriptionId=AKIAI7B523DQIKTQ3BRQ&tag=pckombo04b-20&linkCode=xm2&camp=2025&creative=165953&creativeASIN=B07BN5FJZQ
38,Samsung 970 EVO,$478.74 USD,SAMSUNG,MZ-V7E2T0BW,8801643205362,,M.2,NVM,2000 GB,MLC,Samsung Phoenix,https://www.amazon.ca/Samsung-Internal-MZ-V7E2T0BW-Canada-Version/dp/B07C8Y31G1?psc=1&SubscriptionId=AKIAI7B523DQIKTQ3BRQ&tag=pckombo04b-20&linkCode=xm2&camp=2025&creative=165953&creativeASIN=B07C8Y31G1
39,Samsung 970 EVO 1000 GB,$199.72 USD,SAMSUNG,MZ-V7E1T0BW,8801643205300,887276261898.0,M.2,NVM,1000 GB,MLC,Samsung Phoenix,https://www.amazon.ca/dp/B07CGJNLBB?tag=pckombo04b-20&linkCode=osi&th=1&psc=1
40,Samsung 970 EVO 500 GB,$58.67 USD,SAMSUNG,MZ-V7E500BW,8801643205263,887276261881.0,M.2,NVM,500 GB,MLC,Samsung Phoenix,https://www.amazon.ca/dp/B07CGGP7SV?tag=pckombo04b-20&linkCode=osi&th=1&psc=1
41,Samsung 970 Evo Plus 1000 GB,$145.07 USD,SAMSUNG,MZ-V7S1T0BW,8801643628086,,M.2,NVM,1000 GB,MLC,Samsung Phoenix,https://www.amazon.ca/dp/B07MBQPQ62?tag=pckombo04b-20&linkCode=osi&th=1&psc=1
42,Samsung 970 Evo Plus 2000 GB,$290.14 USD,SAMSUNG,MZ-V7S2T0BW,8801643628093,887276302539.0,M.2,NVM,2000 GB,MLC,Samsung Phoenix,https://www.amazon.ca/dp/B07MFZXR1B?tag=pckombo04b-20&linkCode=osi&th=1&psc=1
47,Seagate FireCuda 520 2000 GB,$335.72 USD,Seagate,ZP2000GM3A002,8719706019996,,M.2,NVM,2000 GB,TLC,Phison PS5012-E12 mit 8 Kanälen,https://www.amazon.ca/dp/B07ZPRPFQY?tag=pckombo04b-20&linkCode=osi&th=1&psc=1
48,Seagate FireCuda 520 500 GB,$101.55 USD,Seagate,ZP500GM3A002,763649138274,,M.2,NVM,500 GB,TLC,Phison PS5012-E12 mit 8 Kanälen,https://www.amazon.ca/dp/B07ZPRQ4YM?tag=pckombo04b-20&linkCode=osi&th=1&psc=1
49,Western Digital Black SN750 NVMe M.2 Solid State Drive 1000 GB,$107.35 USD,Western Digital,WDS100T3X0C,718037865393,,M.2,NVM,1000 GB,TLC,Sandisk,https://www.amazon.ca/dp/B07M64QXMN?tag=pckombo04b-20&linkCode=osi&th=1&psc=1
50,Western Digital Black SN750 NVMe M.2 Solid State Drive 2000 GB,$184.96 USD,Western Digital,WDS200T3X0C,718037865379,,M.2,NVM,2000 GB,TLC,Sandisk,https://www.amazon.ca/dp/B07M9VXSXG?tag=pckombo04b-20&linkCode=osi&th=1&psc=1
51,Western Digital Black SN750 Solid State Drive 2000 GB,$406.2 USD,Western Digital,WDS200T3XHC,718037866635,,M.2,NVM,2000 GB,TLC,Sandisk,https://www.amazon.ca/dp/B07MLVK8K5?tag=pckombo04b-20&linkCode=osi&th=1&psc=1
52,Western Digital Black SN750 Solid State Drive 500 GB,$85.21 USD,Western Digital,WDS500G3XHC,718037866642,,M.2,NVM,500 GB,TLC,Sandisk,https://www.amazon.ca/dp/B07MC2Q81D?tag=pckombo04b-20&linkCode=osi&th=1&psc=1
53,Western Digital Blue SN550 NVMe 1000 GB,$93.56 USD,Western Digital,WDS100T2B0C,718037868738,,M.2,NVM,1000 GB,TLC,Western Digital,https://www.amazon.ca/dp/B07YFFX5MD?tag=pckombo04b-20&linkCode=osi&th=1&psc=1
54,Western Digital Blue SN550 NVMe 500 GB,$50.77 USD,Western Digital,WDS500G2B0C,718037868752,,M.2,NVM,500 GB,TLC,Western Digital,https://www.amazon.ca/dp/B07YFF3JCN?tag=pckombo04b-20&linkCode=osi&th=1&psc=1
58,ADATA Premier SP580,$55.83 USD,ADATA,ASP580SS3-120GM-C,4712366966253,,SATA,SATA,120 GB,TLC,Marvel 88NV1120,https://www.amazon.ca/ADATA-SP580-120GB-Solid-ASP580SS3-120GM-C/dp/B01HODELZ0?SubscriptionId=AKIAI7B523DQIKTQ3BRQ&tag=pckombo04b-20&linkCode=xm2&camp=2025&creative=165953&creativeASIN=B01HODELZ0
68,ADATA XPG SX6000 Series,$42.93 USD,ADATA,ASX6000NP-128GT-C,4713218461407,,M.2,NVM,128 GB,TLC,Realtek RTS5760,https://www.amazon.ca/ADATA-SX6000-128GB-Gen3x2-ASX6000NP-128GT-C/dp/B076ZWSW7X?psc=1&SubscriptionId=AKIAI7B523DQIKTQ3BRQ&tag=pckombo04b-20&linkCode=xm2&camp=2025&creative=165953&creativeASIN=B076ZWSW7X
69,ADATA XPG SX6000 Series,$61.37 USD,ADATA,ASX6000NP-256GT-C,4713218461414,,M.2,NVM,256 GB,TLC,Realtek RTS5760,https://www.amazon.ca/ADATA-SX6000-256GB-Gen3x2-ASX6000NP-256GT-C/dp/B075Y4JN6W?psc=1&SubscriptionId=AKIAI7B523DQIKTQ3BRQ&tag=pckombo04b-20&linkCode=xm2&camp=2025&creative=165953&creativeASIN=B075Y4JN6W
70,ADATA XPG SX6000 Series,$142.59 USD,ADATA,ASX6000NP-512GT-C,4713218461421,,M.2,NVM,512 GB,TLC,Realtek RTS5760,https://www.amazon.ca/dp/B075Y23Y37?tag=pckombo04b-20&linkCode=osi&th=1&psc=1
71,ADATA XPG SX8200 Pro Series 1000 GB,$140.02 USD,ADATA,ASX8200PNP-1TT-C,4713218469465,,M.2,NVM,1000 GB,TLC,Silicon Motion SM2262EN,https://www.amazon.ca/dp/B07K1J3C23?tag=pckombo04b-20&linkCode=osi&th=1&psc=1
81,Corsair Force Series LE,$45.73 USD,Corsair,CSSD-F120GBLE200B,843591022934,,SATA,SATA,120 GB,TLC,,https://www.amazon.ca/Corsair-Memory-Force-inches-CSSD-F120GBLE200B/dp/B06WVWN6DZ?SubscriptionId=AKIAI7B523DQIKTQ3BRQ&tag=pckombo04b-20&linkCode=xm2&camp=2025&creative=165953&creativeASIN=B06WVWN6DZ
84,Corsair Force Series LS,$43.04 USD,Corsair,CSSD-F120GBLSB,843591058469,,SATA,SATA,120 GB,MLC,Phison PS3109,https://www.amazon.ca/Corsair-Force-120-2-5-Inch-CSSD-F120GBLSB/dp/B00V5M1NRG?psc=1&SubscriptionId=AKIAI7B523DQIKTQ3BRQ&tag=pckombo04b-20&linkCode=xm2&camp=2025&creative=165953&creativeASIN=B00V5M1NRG
85,Corsair Force Series LS,$323.34 USD,Corsair,CSSD-F960GBLSB,843591058490,,SATA,SATA,960 GB,MLC,Phison PS3108,https://www.amazon.ca/Corsair-Force-960-2-5-Inch-CSSD-F960GBLSB/dp/B00V5M2DQQ?psc=1&SubscriptionId=AKIAI7B523DQIKTQ3BRQ&tag=pckombo04b-20&linkCode=xm2&camp=2025&creative=165953&creativeASIN=B00V5M2DQQ
86,Corsair Force Series MP500 120GB MLC NVMe,$80.64 USD,Corsair,CSSD-F120GBMP500,843591096713,,M.2,NVM,120 GB,,,https://www.amazon.ca/Corsair-Force-MP500-Internal-CSSD-F120GBMP500/dp/B01MQU72O9?psc=1&SubscriptionId=AKIAI7B523DQIKTQ3BRQ&tag=pckombo04b-20&linkCode=xm2&camp=2025&creative=165953&creativeASIN=B01MQU72O9
87,Corsair Force Series MP500 240GB MLC NVMe,$140.52 USD,Corsair,CSSD-F240GBMP500,843591096720,,M.2,NVM,240 GB,,,https://www.amazon.ca/Corsair-Force-MP500-Internal-CSSD-F240GBMP500/dp/B01N4C44VN?psc=1&SubscriptionId=AKIAI7B523DQIKTQ3BRQ&tag=pckombo04b-20&linkCode=xm2&camp=2025&creative=165953&creativeASIN=B01N4C44VN
88,Corsair Force Series MP500 480GB MLC NVMe,$145.07 USD,Corsair,CSSD-F480GBMP500,843591096737,,M.2,NVM,480 GB,,,https://www.amazon.ca/Corsair-Force-MP500-Internal-CSSD-F480GBMP500/dp/B01N7GDWE2?psc=1&SubscriptionId=AKIAI7B523DQIKTQ3BRQ&tag=pckombo04b-20&linkCode=xm2&camp=2025&creative=165953&creativeASIN=B01N7GDWE2
89,Corsair Force Series MP510 240 GB,$49.32 USD,Corsair,CSSD-F240GBMP510,843591024334,,M.2,NVM,240 GB,TLC,PS5012-E12,https://www.amazon.ca/dp/B07JW49VZD?tag=pckombo04b-20&linkCode=osi&th=1&psc=1
90,Corsair Force Series MP510 480 GB,$48.72 USD,Corsair,CSSD-F480GBMP510B,840006623052,,M.2,NVM,480 GB,TLC,PS5012-E12,https://www.amazon.ca/dp/B084ZW96N8?tag=pckombo04b-20&linkCode=osi&th=1&psc=1
91,Corsair Force Series MP510 480 GB,$86.91 USD,Corsair,CSSD-F480GBMP510,843591024341,,M.2,NVM,480 GB,TLC,PS5012-E12,https://www.amazon.ca/dp/B07HR83J4S?tag=pckombo04b-20&linkCode=osi&th=1&psc=1
92,Corsair Force Series MP510 960 GB,$96.32 USD,Corsair,CSSD-F960GBMP510B,840006623069,,M.2,NVM,960 GB,TLC,PS5012-E12,https://www.amazon.ca/dp/B084ZWC796?tag=pckombo04b-20&linkCode=osi&th=1&psc=1
93,Corsair MP400 R2 1000 GB,$104.44 USD,Corsair,CSSD-F1000GBMP400R2,840006644750,,M.2,NVM,1000 GB,QLC,PS5012-E12S,https://www.amazon.ca/dp/B094412586?tag=pckombo04b-20&linkCode=osi&th=1&psc=1
94,Corsair MP400 R2 2000 GB,$187.78 USD,Corsair,CSSD-F2000GBMP400R2,840006644767,,M.2,NVM,2000 GB,QLC,PS5012-E12S,https://www.amazon.ca/dp/B094412RJX?tag=pckombo04b-20&linkCode=osi&th=1&psc=1
95,Corsair MP400 R2 4000 GB,$539.67 USD,Corsair,CSSD-F4000GBMP400R2,840006656739,,M.2,NVM,4000 GB,QLC,PS5012-E12S,https://www.amazon.ca/dp/B09JGDZCR1?tag=pckombo04b-20&linkCode=osi&th=1&psc=1
96,Corsair MP600 Core 1000 GB,$115.32 USD,Corsair,CSSD-F1000GBMP600COR,840006635246,,M.2,NVM,1000 GB,TLC,Phison PS5016-E16,https://www.amazon.ca/dp/B08TB1R595?tag=pckombo04b-20&linkCode=osi&th=1&psc=1
97,Corsair MP600 Core 2000 GB,$237.28 USD,Corsair,CSSD-F2000GBMP600COR,840006635253,,M.2,NVM,2000 GB,TLC,Phison PS5016-E16,https://www.amazon.ca/dp/B08TB1D2WC?tag=pckombo04b-20&linkCode=osi&th=1&psc=1
98,Corsair MP600 Core 4000 GB,$525.89 USD,Corsair,CSSD-F4000GBMP600COR,840006635260,,M.2,NVM,4000 GB,QLC,Phison PS5016-E16,https://www.amazon.ca/dp/B08TB1PJBT?tag=pckombo04b-20&linkCode=osi&th=1&psc=1
99,Corsair MP600 GS 1000 GB,$74.5 USD,Corsair,CSSD-F1000GBMP600GS,840006697190,,M.2,NVM,1000 GB,3D TLC,Phison PS2021-E21T,https://www.amazon.ca/dp/B0BJKVTQGK?tag=pckombo04b-20&linkCode=osi&th=1&psc=1
100,Corsair MP600 GS 2000 GB,$179.35 USD,Corsair,CSSD-F2000GBMP600GS,840006697213,,M.2,NVM,2000 GB,3D TLC,Phison PS2021-E21T,https://www.amazon.ca/dp/B0BJKVNB38?tag=pckombo04b-20&linkCode=osi&th=1&psc=1
101,Corsair MP600 GS 500 GB,$43.52 USD,Corsair,CSSD-F0500GBMP600GS,840006697176,,M.2,NVM,500 GB,3D TLC,Phison PS2021-E21T,https://www.amazon.ca/dp/B0BJKVMDNP?tag=pckombo04b-20&linkCode=osi&th=1&psc=1
102,Corsair MP600 Pro Hydro X Edition 2000 GB,$394.6 USD,Corsair,CSSD-F2000GBMP600HXE,840006637332,,M.2,NVM,2000 GB,TLC,"Phison PS5018-E18, 8 Kanäle",https://www.amazon.ca/dp/B08TB29VRS?tag=pckombo04b-20&linkCode=osi&th=1&psc=1
103,Corsair MP600 Pro LPX 1000 GB,$72.53 USD,Corsair,CSSD-F1000GBMP600PLP,840006657781,,M.2,NVM,1000 GB,TLC,"Phison PS5018-E18, 8 Kanäle",https://www.amazon.ca/dp/B09Q2MW21F?tag=pckombo04b-20&linkCode=osi&th=1&psc=1
104,Corsair MP600 Pro LPX 2000 GB,$141.44 USD,Corsair,CSSD-F2000GBMP600PLP,840006657798,,M.2,NVM,2000 GB,TLC,"Phison PS5018-E18, 8 Kanäle",https://www.amazon.ca/dp/B09Q2NCFS7?tag=pckombo04b-20&linkCode=osi&th=1&psc=1
105,Corsair MP600 Pro LPX 4000 GB,$275.64 USD,Corsair,CSSD-F4000GBMP600PLP,840006657804,,M.2,NVM,4000 GB,TLC,"Phison PS5018-E18, 8 Kanäle",https://www.amazon.ca/dp/B09Q2N9QGQ?tag=pckombo04b-20&linkCode=osi&th=1&psc=1
106,Corsair MP600 Pro LPX 500 GB,$50.77 USD,Corsair,CSSD-F0500GBMP600PLP,840006657774,,M.2,NVM,500 GB,TLC,"Phison PS5018-E18, 8 Kanäle",https://www.amazon.ca/dp/B09Q2NL53M?tag=pckombo04b-20&linkCode=osi&th=1&psc=1
107,Corsair MP600 Pro NH 1000 GB,$76.16 USD,Corsair,CSSD-F1000GBMP600PNH,840006697206,,M.2,NVM,1000 GB,3D TLC,Phison PS2018-E18,https://www.amazon.ca/dp/B0BJKXXW9X?tag=pckombo04b-20&linkCode=osi&th=1&psc=1
109,Corsair MP600 Pro NH 4000 GB,$855.94 USD,Corsair,CSSD-F4000GBMP600PNH,840006697237,,M.2,NVM,4000 GB,3D TLC,Phison PS2018-E18,https://www.amazon.ca/dp/B0BJKV2MZ6?tag=pckombo04b-20&linkCode=osi&th=1&psc=1
110,Corsair MP600 Pro XT 1000 GB,$72.53 USD,Corsair,CSSD-F1000GBMP600PXT,840006645085,,M.2,NVM,1000 GB,TLC,Phison PS5018-E18,https://www.amazon.ca/dp/B09F5Z6BJ6?tag=pckombo04b-20&linkCode=osi&th=1&psc=1
111,Corsair MP600 Pro XT 2000 GB,$126.93 USD,Corsair,CSSD-F2000GBMP600PXT,840006645092,,M.2,NVM,2000 GB,TLC,Phison PS5018-E18,https://www.amazon.ca/dp/B09F5X8ZMY?tag=pckombo04b-20&linkCode=osi&th=1&psc=1
112,Corsair MP600 Pro XT 4000 GB,$512.29 USD,Corsair,CSSD-F4000GBMP600PXT,840006645108,,M.2,NVM,4000 GB,TLC,Phison PS5018-E18,https://www.amazon.ca/dp/B09F5XC93H?tag=pckombo04b-20&linkCode=osi&th=1&psc=1
113,Corsair MP600 R2 1000 GB,$68.9 USD,Corsair,CSSD-F1000GBMP600R2,840006656753,,M.2,NVM,1000 GB,3D TLC,Phisons PS5016-E16,https://www.amazon.ca/dp/B09M8PRGPT?tag=pckombo04b-20&linkCode=osi&th=1&psc=1
117,Corsair Neutron Series XTi,$852.24 USD,Corsair,CSSD-N1920GBXTI,843591091435,,SATA,SATA,1920 GB,MLC,Phison PS3110-S10,https://www.amazon.ca/Corsair-Memory-Neutron-1920GB-CSSD-N1920GBXTI/dp/B01JKI686M?SubscriptionId=AKIAI7B523DQIKTQ3BRQ&tag=pckombo04b-20&linkCode=xm2&camp=2025&creative=165953&creativeASIN=B01JKI686M
118,Crucial BX500 - 1 TB 1000 GB,$50.75 USD,Crucial,CT1000BX500SSD1,649528821553,,SATA,SATA,1000 GB,TLC,Silicon Motion SM2259XT,https://www.amazon.ca/dp/B07YD579WM?tag=pckombo04b-20&linkCode=osi&th=1&psc=1
119,Crucial BX500 - 120 GB 120 GB,$26.83 USD,Crucial,CT120BX500SSD1,649528787316,,SATA,SATA,120 GB,TLC,Silicon Motion SM2258XT,https://www.amazon.ca/dp/B07G3KRZBY?tag=pckombo04b-20&linkCode=osi&th=1&psc=1
120,Crucial BX500 - 2 TB 2000 GB,$96.67 USD,Crucial,CT2000BX500SSD1,649528821584,,SATA,SATA,2000 GB,TLC,Silicon Motion SM2259XT,https://www.amazon.ca/dp/B07YD5F561?tag=pckombo04b-20&linkCode=osi&th=1&psc=1
121,Crucial BX500 - 240 GB 240 GB,$25.38 USD,Crucial,CT240BX500SSD1,649528787323,,SATA,SATA,240 GB,TLC,Silicon Motion SM2258XT,https://www.amazon.ca/dp/B07G3YNLJB?tag=pckombo04b-20&linkCode=osi&th=1&psc=1
122,Crucial BX500 - 480 GB 480 GB,$32.62 USD,Crucial,CT480BX500SSD1,649528787330,,SATA,SATA,480 GB,TLC,Silicon Motion SM2258XT,https://www.amazon.ca/dp/B07G3KGYZQ?tag=pckombo04b-20&linkCode=osi&th=1&psc=1
124,Crucial MX300,$66.92 USD,Crucial,CT275MX300SSD1,649528777195,,SATA,SATA,275 GB,TLC,Marvell 88SS1074,https://www.amazon.ca/Crucial-MX300-275GB-NAND-Internal/dp/B01IAGSD5O?psc=1&SubscriptionId=AKIAI7B523DQIKTQ3BRQ&tag=pckombo04b-20&linkCode=xm2&camp=2025&creative=165953&creativeASIN=B01IAGSD5O
125,Crucial MX300,$131.29 USD,Crucial,CT525MX300SSD1,649528777201,,SATA,SATA,525 GB,TLC,Marvell 88SS1074,https://www.amazon.ca/Crucial-MX300-525GB-NAND-Internal/dp/B01IAGSD68?psc=1&SubscriptionId=AKIAI7B523DQIKTQ3BRQ&tag=pckombo04b-20&linkCode=xm2&camp=2025&creative=165953&creativeASIN=B01IAGSD68
126,Crucial MX300,$196.36 USD,Crucial,CT1050MX300SSD1,4540395601667,,SATA,SATA,1000 GB,TLC,Marvell 88SS1074,https://www.amazon.ca/Crucial-MX300-NAND-SATA-Internal/dp/B01IAGSDUE?psc=1&SubscriptionId=AKIAI7B523DQIKTQ3BRQ&tag=pckombo04b-20&linkCode=xm2&camp=2025&creative=165953&creativeASIN=B01IAGSDUE
127,Crucial MX300,$321.94 USD,Crucial,CT2050MX300SSD1,649528778284,,SATA,SATA,2000 GB,TLC,Marvell 88SS1074,https://www.amazon.ca/Crucial-MX300-NAND-SATA-Internal/dp/B01KKZLX46?psc=1&SubscriptionId=AKIAI7B523DQIKTQ3BRQ&tag=pckombo04b-20&linkCode=xm2&camp=2025&creative=165953&creativeASIN=B01KKZLX46
128,Crucial MX300 275GB TLC,$101.55 USD,Crucial,CT275MX300SSD4,649528778291,,M.2,SATA,275 GB,,,https://www.amazon.ca/Crucial-MX300-275GB-NAND-Internal/dp/B01IAGSDJ0?psc=1&SubscriptionId=AKIAI7B523DQIKTQ3BRQ&tag=pckombo04b-20&linkCode=xm2&camp=2025&creative=165953&creativeASIN=B01IAGSDJ0
129,Crucial MX300 M.2 Solid State Drive,$137.05 USD,Crucial,CT525MX300SSD4,649528778307,,M.2,SATA,525 GB,TLC,Marvell 88SS1074,https://www.amazon.ca/Crucial-MX300-525GB-NAND-Internal/dp/B01L80DH4G?psc=1&SubscriptionId=AKIAI7B523DQIKTQ3BRQ&tag=pckombo04b-20&linkCode=xm2&camp=2025&creative=165953&creativeASIN=B01L80DH4G
130,Crucial MX300 M.2 Solid State Drive,$174.67 USD,Crucial,CT1050MX300SSD4,4540395601704,,M.2,SATA,1000 GB,,,https://www.amazon.ca/Crucial-MX300-NAND-SATA-Internal/dp/B01L80DH1Y?psc=1&SubscriptionId=AKIAI7B523DQIKTQ3BRQ&tag=pckombo04b-20&linkCode=xm2&camp=2025&creative=165953&creativeASIN=B01L80DH1Y
131,Crucial MX500 250 GB,$38.18 USD,Crucial,CT250MX500SSD1,649528785046,649528785046.0,SATA,SATA,250 GB,TLC,Silicon Motion SM2258,https://www.amazon.ca/dp/B0781VSXBP?tag=pckombo04b-20&linkCode=osi&th=1&psc=1
132,Crucial MX500 M.2 Solid State Drive 1000 GB,$106.43 USD,Crucial,CT1000MX500SSD4,649528785107,649528785107.0,M.2,SATA,1000 GB,TLC,Silicon Motion SM2258,https://www.amazon.ca/dp/B0784SY515?tag=pckombo04b-20&linkCode=osi&th=1&psc=1
133,Crucial MX500 M.2 Solid State Drive 250 GB,$50.05 USD,Crucial,CT250MX500SSD4,649528785084,649528785084.0,M.2,SATA,250 GB,TLC,Silicon Motion SM2258,https://www.amazon.ca/dp/B077SL4FZG?tag=pckombo04b-20&linkCode=osi&th=1&psc=1
134,Crucial MX500 M.2 Solid State Drive 500 GB,$79.78 USD,Crucial,CT500MX500SSD4,649528785091,649528785091.0,M.2,SATA,500 GB,TLC,Silicon Motion SM2258,https://www.amazon.ca/dp/B077SQ8J1V?tag=pckombo04b-20&linkCode=osi&th=1&psc=1
135,Crucial P5 1000 GB,$108.8 USD,Crucial,CT1000P5SSD8,649528823311,,M.2,NVM,1000 GB,TLC,Micron,https://www.amazon.ca/dp/B087QRVVVH?tag=pckombo04b-20&linkCode=osi&th=1&psc=1
136,Crucial P5 2000 GB,$251.01 USD,Crucial,CT2000P5SSD8,649528823328,,M.2,NVM,2000 GB,TLC,Micron,https://www.amazon.ca/dp/B0892TWDP1?tag=pckombo04b-20&linkCode=osi&th=1&psc=1
137,Crucial P5 250 GB,$50.77 USD,Crucial,CT250P5SSD8,649528823236,,M.2,NVM,250 GB,TLC,Micron,https://www.amazon.ca/dp/B0892TH611?tag=pckombo04b-20&linkCode=osi&th=1&psc=1
138,Crucial P5 500 GB,$68.9 USD,Crucial,CT500P5SSD8,649528823304,,M.2,NVM,500 GB,TLC,Micron,https://www.amazon.ca/dp/B087QTMXS7?tag=pckombo04b-20&linkCode=osi&th=1&psc=1
139,Crucial P5 Plus 1000 GB,$88.63 USD,Crucial,CT1000P5PSSD8,649528906663,,M.2,NVM,1000 GB,TLC,Micron,https://www.amazon.ca/dp/B098WL46RS?tag=pckombo04b-20&linkCode=osi&th=1&psc=1
140,Crucial P5 Plus 2000 GB,$181.73 USD,Crucial,CT2000P5PSSD8,649528906670,,M.2,NVM,2000 GB,TLC,Micron,https://www.amazon.ca/dp/B098WKQRDL?tag=pckombo04b-20&linkCode=osi&th=1&psc=1
141,Crucial P5 Plus 500 GB,$61.75 USD,Crucial,CT500P5PSSD8,649528906656,,M.2,NVM,500 GB,TLC,Micron,https://www.amazon.ca/dp/B098W1NDV2?tag=pckombo04b-20&linkCode=osi&th=1&psc=1
145,Gigabyte 120 GB,$28.79 USD,Gigabyte,GP-GSTFS31120GNTD,4719331803704,889523014264.0,SATA,SATA,120 GB,,,https://www.amazon.ca/Gigabyte-GIGABYTE-120GB-Flash-Internal/dp/B07GJKR7RX?psc=1&SubscriptionId=AKIAI7B523DQIKTQ3BRQ&tag=pckombo04b-20&linkCode=xm2&camp=2025&creative=165953&creativeASIN=B07GJKR7RX
147,Gigabyte 240 GB,$41.11 USD,Gigabyte,GP-GSTFS31240GNTD,4719331803711,889523014271.0,SATA,SATA,240 GB,,,https://www.amazon.ca/dp/B07G5RD1XK?tag=pckombo04b-20&linkCode=osi&th=1&psc=1
150,Gigabyte 480 GB,$65.28 USD,Gigabyte,GP-GSTFS31480GNTD,4719331804787,889523015896.0,SATA,SATA,480 GB,,,https://www.amazon.ca/dp/B07QJ756H8?tag=pckombo04b-20&linkCode=osi&th=1&psc=1
151,Gigabyte 512 GB,$82.53 USD,Gigabyte,GP-GSM2NE3512GNTD,4719331806880,,M.2,NVM,512 GB,,,https://www.amazon.ca/Gigabyte-NVMe-3-0x4-512GB-GP-GSM2NE3512GNTD/dp/B07Z9YFX2S?SubscriptionId=AKIAI7B523DQIKTQ3BRQ&tag=pckombo04b-20&linkCode=xm2&camp=2025&creative=165953&creativeASIN=B07Z9YFX2S
152,Gigabyte Aorus 1000 GB,$288.02 USD,Gigabyte,GP-ASM2NE6100TTTD,4719331805784,,M.2,NVM,1000 GB,TLC,Phison PS5016-E16,https://www.amazon.ca/GIGABYTE-PCI-Express-Interface-Performance-GP-ASM2NE6100TTTD/dp/B07TJWZGL9?SubscriptionId=AKIAI7B523DQIKTQ3BRQ&tag=pckombo04b-20&linkCode=xm2&camp=2025&creative=165953&creativeASIN=B07TJWZGL9
153,Gigabyte Aorus 256 GB,$88.21 USD,Gigabyte,GP-ASM2NE2256GTTDR,4719331804794,,M.2,NVM,256 GB,TLC,Phison PS5012-E12,https://www.amazon.ca/GIGABYTE-AORUS-Nvme-256GB-GP-ASM2NE2256GTTDR/dp/B07PF1SBBS?SubscriptionId=AKIAI7B523DQIKTQ3BRQ&tag=pckombo04b-20&linkCode=xm2&camp=2025&creative=165953&creativeASIN=B07PF1SBBS
154,Gigabyte Aorus 512 GB,$107.38 USD,Gigabyte,GP-ASM2NE2512GTTDR,4719331804800,,M.2,NVM,512 GB,TLC,Phison PS5012-E12,https://www.amazon.ca/dp/B07QBVWCQL?tag=pckombo04b-20&linkCode=osi&th=1&psc=1
156,Gigabyte UD Pro Series 256 GB,$61.24 USD,Gigabyte,GP-GSTFS30256GTTD,4719331803278,,SATA,SATA,256 GB,TLC,Phison PS3110-S10 (8 Kanäle),https://www.amazon.ca/GIGABYTE-256GB-Layer-Flash-Internal/dp/B07D9C7SQR?psc=1&SubscriptionId=AKIAI7B523DQIKTQ3BRQ&tag=pckombo04b-20&linkCode=xm2&camp=2025&creative=165953&creativeASIN=B07D9C7SQR
158,Gigabyte UD PRO Series 512 GB,$102.19 USD,Gigabyte,GP-GSTFS30512GTTD,4719331803476,,SATA,SATA,512 GB,TLC,,https://www.amazon.ca/GIGABYTE-512GB-Layer-Flash-Internal/dp/B07D9686LD?psc=1&SubscriptionId=AKIAI7B523DQIKTQ3BRQ&tag=pckombo04b-20&linkCode=xm2&camp=2025&creative=165953&creativeASIN=B07D9686LD
167,HyperX Savage Series,$378.68 USD,HyperX,SHSS37A/960G,740617239874,,SATA,SATA,960 GB,MLC,Phison PS3110-S10,https://www.amazon.ca/Kingston-HyperX-Savage-SHSS37A-960G/dp/B00W35L2A2?SubscriptionId=AKIAI7B523DQIKTQ3BRQ&tag=pckombo04b-20&linkCode=xm2&camp=2025&creative=165953&creativeASIN=B00W35L2A2
185,Intel 540s Series Solid State Drive,$324.8 USD,Intel,SSDSCKKW010X6X1,5032037084536,,M.2,SATA,1000 GB,,,https://www.amazon.ca/Intel-Solid-Stata-Drive-SSDSCKKW010X6X1/dp/B01C786L4G?SubscriptionId=AKIAI7B523DQIKTQ3BRQ&tag=pckombo04b-20&linkCode=xm2&camp=2025&creative=165953&creativeASIN=B01C786L4G
190,Intel 660P Series,$109.71 USD,Intel,SSDPEKNW010T8X1,735858381086,735858381512.0,M.2,NVM,1000 GB,QLC,Silicon Motion SM2263EN,https://www.amazon.ca/dp/B07GCL6BR4?tag=pckombo04b-20&linkCode=osi&th=1&psc=1
191,Intel 760p Series,$93.42 USD,Intel,SSDPEKKW256G8XT,735858362795,735858362795.0,M.2,NVM,256 GB,TLC,Silicon Motion SM2262,https://www.amazon.ca/Intel-760P-256GB-80mm-PCIe/dp/B078VBL3T9?psc=1&SubscriptionId=AKIAI7B523DQIKTQ3BRQ&tag=pckombo04b-20&linkCode=xm2&camp=2025&creative=165953&creativeASIN=B078VBL3T9
192,Intel 760p Series 1000 GB,$218.72 USD,Intel,SSDPEKKW010T8X1,735858362832,735858362832.0,M.2,NVM,1000 GB,TLC,Silicon Motion SM2262,https://www.amazon.ca/dp/B078QD1KRB?tag=pckombo04b-20&linkCode=osi&th=1&psc=1
193,Intel 760p Series 128 GB,$46.36 USD,Intel,SSDPEKKW128G8XT,735858362771,735858362771.0,M.2,NVM,128 GB,TLC,Silicon Motion SM2262,https://www.amazon.ca/dp/B078VBGSVL?tag=pckombo04b-20&linkCode=osi&th=1&psc=1
194,Intel 760p Series 2000 GB,$443.83 USD,Intel,SSDPEKKW020T8X1,735858362856,735858362856.0,M.2,NVM,2000 GB,TLC,Silicon Motion SM2262,https://www.amazon.ca/Intel-760P-2-048TB-80mm-PCIe/dp/B078QD7M6J?psc=1&SubscriptionId=AKIAI7B523DQIKTQ3BRQ&tag=pckombo04b-20&linkCode=xm2&camp=2025&creative=165953&creativeASIN=B078QD7M6J
195,Intel 760p Series 512 GB,$111.25 USD,Intel,SSDPEKKW512G8XT,735858362818,735858362818.0,M.2,NVM,512 GB,TLC,Silicon Motion SM2262,https://www.amazon.ca/Intel%C2%AE-760P-512GB-80mm-PCIe/dp/B078VCGSKS?psc=1&SubscriptionId=AKIAI7B523DQIKTQ3BRQ&tag=pckombo04b-20&linkCode=xm2&camp=2025&creative=165953&creativeASIN=B078VCGSKS
197,Intel Optane 800P 118 GB,$244.4 USD,Intel,SSDPEK1W120GA01,735858349529,,M.2,NVM,118 GB,3D XPoint,Intel SLL3D,https://www.amazon.ca/dp/B078T2SM3D?tag=pckombo04b-20&linkCode=osi&th=1&psc=1
198,Intel Optane 800P 58 GB,$138.79 USD,Intel,SSDPEK1W060GA01,735858349512,,M.2,NVM,58 GB,3D XPoint,Intel SLL3D,https://www.amazon.ca/dp/B078SZZ1XF?tag=pckombo04b-20&linkCode=osi&th=1&psc=1
199,Intel Optane 900P AIC Solid State Drive 480 GB,$642.3 USD,Intel,SSDPED1D480GAX1,5032037093668,,M.2,NVM,480 GB,3D XPoint,Intel SLL3D,https://www.amazon.ca/dp/B077767L4X?tag=pckombo04b-20&linkCode=osi&th=1&psc=1
201,Intel Optane 900P Series 2 280 GB,$337.7 USD,Intel,SSDPE21D280GASM,5032037115773,735858359191.0,M.2,NVM,280 GB,3D XPoint,Intel EAU01D76 SLL3D,https://www.amazon.ca/Intel-Optane-280GB-2-5in-XPoint/dp/B0772SSYDB?psc=1&SubscriptionId=AKIAI7B523DQIKTQ3BRQ&tag=pckombo04b-20&linkCode=xm2&camp=2025&creative=165953&creativeASIN=B0772SSYDB
203,Intel Optane Series,$88.21 USD,Intel,MEMPEK1W032GAXT,675901462341,735858337090.0,M.2,NVM,32 GB,3D XPoint,Intel,https://www.amazon.ca/Intel-Optane-Memory-Module-MEMPEK1W032GAXT/dp/B06XSXX3NS?psc=1&SubscriptionId=AKIAI7B523DQIKTQ3BRQ&tag=pckombo04b-20&linkCode=xm2&camp=2025&creative=165953&creativeASIN=B06XSXX3NS
204,Intel Optane Series 16 GB,$50.77 USD,Intel,MEMPEK1W016GAXT,5032037099950,735858337076.0,M.2,NVM,16 GB,3D XPoint,Intel,https://www.amazon.ca/dp/B06XSMTN31?tag=pckombo04b-20&linkCode=osi&th=1&psc=1
207,Intel Pro 6000P Series,$97.98 USD,Intel,SSDPEKKF256G7X1,5032037087681,735858318181.0,M.2,NVM,256 GB,TLC,Silicon Motion SM2260,https://www.amazon.ca/Intel-SSDPEKKF256G7X1-6000p-express-Retail/dp/B01LW6USJD?SubscriptionId=AKIAI7B523DQIKTQ3BRQ&tag=pckombo04b-20&linkCode=xm2&camp=2025&creative=165953&creativeASIN=B01LW6USJD
208,Intel Pro 6000P Series,$378.84 USD,Intel,SSDPEKKF010T7X1,5032037087728,,M.2,NVM,1000 GB,,,https://www.amazon.ca/Intel-SSDPEKKF010T7X1-Solid-State-Drive/dp/B01LVXUCFC?SubscriptionId=AKIAI7B523DQIKTQ3BRQ&tag=pckombo04b-20&linkCode=xm2&camp=2025&creative=165953&creativeASIN=B01LVXUCFC
216,Kingston A1000 NVMe M.2 Solid State Drive,$50.38 USD,Kingston,SA1000M8/240G,740617277333,740617277333.0,M.2,NVM,240 GB,TLC,Phison PS5008-E8,https://www.amazon.ca/dp/B07BMXS6SH?tag=pckombo04b-20&linkCode=osi&th=1&psc=1
217,Kingston A400 - 960 GB 960 GB,$50.75 USD,Kingston,SA400S37/960G,740617277357,,SATA,SATA,960 GB,TLC,Phison PS3111-S11,https://www.amazon.ca/dp/B079XC5PVV?tag=pckombo04b-20&linkCode=osi&th=1&psc=1
219,Kingston DC400 960GB,$324.25 USD,Kingston,SEDC400S37/960G,740617254419,,SATA,SATA,960 GB,,,https://www.amazon.ca/960Gb-Ssdnow-Dc400-Ssd-Sata/dp/B01LFOIK2Y?SubscriptionId=AKIAI7B523DQIKTQ3BRQ&tag=pckombo04b-20&linkCode=xm2&camp=2025&creative=165953&creativeASIN=B01LFOIK2Y
229,Kingston Now UV400 120GB TLC,$71.67 USD,Kingston,SUV400S3B7A/120G,740617252880,,SATA,SATA,120 GB,,,https://www.amazon.ca/Kingston-Digital-SSDNow-SUV400S3B7A-120G/dp/B01FRP254G?psc=1&SubscriptionId=AKIAI7B523DQIKTQ3BRQ&tag=pckombo04b-20&linkCode=xm2&camp=2025&creative=165953&creativeASIN=B01FRP254G
236,Kingston NV1 NVMe 1000 GB,$86.31 USD,Kingston,SNVS/1000G,740617316681,,M.2,NVM,1000 GB,,,https://www.amazon.ca/dp/B091BDQ2B6?tag=pckombo04b-20&linkCode=osi&th=1&psc=1
237,Kingston NV1 NVMe 2000 GB,$136.67 USD,Kingston,SNVS/2000G,740617316889,,M.2,NVM,2000 GB,,,https://www.amazon.ca/dp/B091BG4HDW?tag=pckombo04b-20&linkCode=osi&th=1&psc=1
238,Kingston NV1 NVMe 250 GB,$38.92 USD,Kingston,SNVS/250G,740617323047,,M.2,NVM,250 GB,,,https://www.amazon.ca/dp/B09DVP94WC?tag=pckombo04b-20&linkCode=osi&th=1&psc=1
239,Kingston NV1 NVMe 500 GB,$50.04 USD,Kingston,SNVS/500G,740617316841,,M.2,NVM,500 GB,,,https://www.amazon.ca/dp/B091BCQK7B?tag=pckombo04b-20&linkCode=osi&th=1&psc=1
242,Kingston Solid State Drive,$33.68 USD,Kingston,SM2280S3G2/480G,740617248975,,M.2,SATA,480 GB,MLC,Phison PS3110,https://www.amazon.ca/dp/B01BJ0HQK6?tag=pckombo04b-20&linkCode=osi&th=1&psc=1
243,Kingston SSDNow A400 Series 120 GB,$15.95 USD,Kingston,SA400S37/120G,740617261196,,SATA,SATA,120 GB,TLC,Phison PS3111-S-11,https://www.amazon.ca/dp/B01N6JQS8C?tag=pckombo04b-20&linkCode=osi&th=1&psc=1
244,Kingston SSDNow A400 Series 240 GB,$21.75 USD,Kingston,SA400S37/240G,740617261219,,SATA,SATA,240 GB,TLC,Phison PS3111-S-11,https://www.amazon.ca/dp/B01N5IB20Q?tag=pckombo04b-20&linkCode=osi&th=1&psc=1
245,Kingston SSDNow A400 Series 480 GB,$31.17 USD,Kingston,SA400S37/480G,740617263442,,SATA,SATA,480 GB,TLC,Phison PS3111-S-11,https://www.amazon.ca/dp/B01N0TQPQB?tag=pckombo04b-20&linkCode=osi&th=1&psc=1
250,Kingston SSDNow UV500 Series 120 GB,$28.28 USD,Kingston,SUV500/120G,740617273823,740617273823.0,SATA,SATA,120 GB,TLC,Marvell 88SS1074,https://www.amazon.ca/Kingston-120GB-UV500-SSD-SATA/dp/B07CFXXF49?SubscriptionId=AKIAI7B523DQIKTQ3BRQ&tag=pckombo04b-20&linkCode=xm2&camp=2025&creative=165953&creativeASIN=B07CFXXF49
251,Kingston SSDNow UV500 Series 240 GB,$40.58 USD,Kingston,SUV500/240G,740617273809,740617273809.0,SATA,SATA,240 GB,TLC,Marvell 88SS1074,https://www.amazon.ca/Kingston-240GB-UV500-SSD-SATA/dp/B07CCD16YD?SubscriptionId=AKIAI7B523DQIKTQ3BRQ&tag=pckombo04b-20&linkCode=xm2&camp=2025&creative=165953&creativeASIN=B07CCD16YD
252,Kingston SSDNow UV500 Series 480 GB,$63.83 USD,Kingston,SUV500/480G,740617273793,740617273793.0,SATA,SATA,480 GB,TLC,Marvell 88SS1074,https://www.amazon.ca/Kingston-480GB-UV500-SSD-SATA/dp/B07CFXNRVD?SubscriptionId=AKIAI7B523DQIKTQ3BRQ&tag=pckombo04b-20&linkCode=xm2&camp=2025&creative=165953&creativeASIN=B07CFXNRVD
253,Kingston SSDNow UV500 Series 960 GB,$134.91 USD,Kingston,SUV500/960G,740617273786,740617273786.0,SATA,SATA,960 GB,TLC,Marvell 88SS1074,https://www.amazon.ca/Kingston-960GB-UV500-SSD-C2C/dp/B07C53S2LT?SubscriptionId=AKIAI7B523DQIKTQ3BRQ&tag=pckombo04b-20&linkCode=xm2&camp=2025&creative=165953&creativeASIN=B07C53S2LT
254,Kingston Solid State DriveNow UV500 Series M.2 Solid State Drive,$47.14 USD,Kingston,SUV500M8/240G,740617274127,740617274127.0,M.2,SATA,240 GB,TLC,Marvell 88SS1074,https://www.amazon.ca/dp/B07C3YHRW3?tag=pckombo04b-20&linkCode=osi&th=1&psc=1
255,Kingston Solid State DriveNow UV500 Series M.2 Solid State Drive 120 GB,$35.56 USD,Kingston,SUV500M8/120G,740617274141,740617274141.0,M.2,SATA,120 GB,TLC,Marvell 88SS1074,https://www.amazon.ca/dp/B07C3YMVBL?tag=pckombo04b-20&linkCode=osi&th=1&psc=1
256,Kingston Solid State DriveNow UV500 Series M.2 Solid State Drive 480 GB,$99.09 USD,Kingston,SUV500M8/480G,740617274103,740617274103.0,M.2,SATA,480 GB,TLC,Marvell 88SS1074,https://www.amazon.ca/dp/B07C3LQB65?tag=pckombo04b-20&linkCode=osi&th=1&psc=1
258,Kingston SSDNow V300 Series,$167.4 USD,Kingston,SV300S37A/480G,740617223941,,SATA,SATA,480 GB,MLC,LSI SandForce SF-2281,https://www.amazon.ca/Kingston-Digital-2-5-Inch-SV300S37A-480G/dp/B00FXJWO5C?psc=1&SubscriptionId=AKIAI7B523DQIKTQ3BRQ&tag=pckombo04b-20&linkCode=xm2&camp=2025&creative=165953&creativeASIN=B00FXJWO5C
279,OCZ TR150 960GB TLC,$276.18 USD,OCZ,TRN150-25SAT3-960G,842024037712,,SATA,SATA,960 GB,,,https://www.amazon.ca/OCZ-Storage-Solutions-S%C3%83%C2%B3lido-Interno/dp/B01B4NUKDS?SubscriptionId=AKIAI7B523DQIKTQ3BRQ&tag=pckombo04b-20&linkCode=xm2&camp=2025&creative=165953&creativeASIN=B01B4NUKDS
290,Patriot Burst,$30.45 USD,Patriot,PBU120GS25SSDR,814914023921,,SATA,SATA,120 GB,,Phison S11,https://www.amazon.ca/dp/B07574MTR4?tag=pckombo04b-20&linkCode=osi&th=1&psc=1
291,Patriot Burst,$34.81 USD,Patriot,PBU240GS25SSDR,814914023938,,SATA,SATA,240 GB,,Phison S11,https://www.amazon.ca/Patriot-Memory-Burst-240GB-Internal/dp/B07573JBW3?psc=1&SubscriptionId=AKIAI7B523DQIKTQ3BRQ&tag=pckombo04b-20&linkCode=xm2&camp=2025&creative=165953&creativeASIN=B07573JBW3
300,PNY CS3140 4000 GB,$526.62 USD,PNY,M280CS3140-4TB-RB,751492648521,,M.2,NVM,4000 GB,3D TLC,,https://www.amazon.ca/dp/B09C44XFZ2?tag=pckombo04b-20&linkCode=osi&th=1&psc=1
302,Sabrent Rocket,$49.03 USD,Sabrent,SB-ROCKET-256,840025210615,,M.2,NVM,256 GB,TLC,Phison PS5012,https://www.amazon.ca/dp/B07KGLN3HN?tag=pckombo04b-20&linkCode=osi&th=1&psc=1
320,Samsung 860 PRO Series 2000 GB,$443.59 USD,SAMSUNG,MZ-76P2T0B/EU,8801643120559,,SATA,SATA,2000 GB,MLC,Samsung MJX,https://www.amazon.ca/dp/B078WQT88J?tag=pckombo04b-20&linkCode=osi&th=1&psc=1
332,Samsung 870 QVO 8000 GB,$670.69 USD,SAMSUNG,MZ-77Q8T0BW,8806090396014,,SATA,SATA,8000 GB,MLC,Samsung MKX,https://www.amazon.ca/dp/B089C3TZL9?tag=pckombo04b-20&linkCode=osi&th=1&psc=1
333,Samsung 960 EVO,$86.21 USD,SAMSUNG,MZ-V6E250BW,8806088540139,887276185309.0,M.2,NVM,250 GB,TLC,Samsung Polaris,https://www.amazon.ca/dp/B01LYFKX41?tag=pckombo04b-20&linkCode=osi&th=1&psc=1
334,Samsung 960 EVO,$127.48 USD,SAMSUNG,MZ-V6E500BW,8806088540122,,M.2,NVM,500 GB,TLC,Samsung Polaris,https://www.amazon.ca/dp/B01M20VBU7?tag=pckombo04b-20&linkCode=osi&th=1&psc=1
335,Samsung 960 EVO,$494.78 USD,SAMSUNG,MZ-V6E1T0BW,8806088540115,887276185286.0,M.2,NVM,1000 GB,TLC,Samsung Polaris,https://www.amazon.ca/dp/B01LXS4TY6?tag=pckombo04b-20&linkCode=osi&th=1&psc=1
336,Samsung 960 PRO,$271.86 USD,SAMSUNG,MZ-V6P512BW,8806088540146,887276185316.0,M.2,NVM,512 GB,MLC,Samsung Polaris,https://www.amazon.ca/dp/B01LXS4TYB?tag=pckombo04b-20&linkCode=osi&th=1&psc=1
337,Samsung 960 PRO,$550.92 USD,SAMSUNG,MZ-V6P1T0BW,8806088540153,,M.2,NVM,1000 GB,MLC,Samsung Polaris,https://www.amazon.ca/Samsung-Internal-MZ-V6P1T0BW-Canada-Version/dp/B01LYRCIPG?psc=1&SubscriptionId=AKIAI7B523DQIKTQ3BRQ&tag=pckombo04b-20&linkCode=xm2&camp=2025&creative=165953&creativeASIN=B01LYRCIPG
338,Samsung 960 PRO,$1268.68 USD,SAMSUNG,MZ-V6P2T0BW,8806088540160,,M.2,NVM,2000 GB,MLC,Samsung Polaris,https://www.amazon.ca/Samsung-960-Internal-MZ-V6P2T0BW-Version/dp/B01LY3Y9PH?psc=1&SubscriptionId=AKIAI7B523DQIKTQ3BRQ&tag=pckombo04b-20&linkCode=xm2&camp=2025&creative=165953&creativeASIN=B01LY3Y9PH
339,Samsung 970 Evo Plus 250 GB,$103.91 USD,SAMSUNG,MZ-V7S250BW,8801643628079,,M.2,NVM,250 GB,MLC,Samsung Phoenix,https://www.amazon.ca/Samsung-MZ-V7S250BW/dp/B07MHXYL6T?SubscriptionId=AKIAI7B523DQIKTQ3BRQ&tag=pckombo04b-20&linkCode=xm2&camp=2025&creative=165953&creativeASIN=B07MHXYL6T
340,Samsung 970 Evo Plus 500 GB,$139.76 USD,SAMSUNG,MZ-V7S500BW,8801643628116,887276302546.0,M.2,NVM,500 GB,MLC,Samsung Phoenix,https://www.amazon.ca/dp/B07MFBLN7K?tag=pckombo04b-20&linkCode=osi&th=1&psc=1
341,Samsung 970 PRO 1000 GB,$359.03 USD,SAMSUNG,MZ-V7P1T0BW,8801643205379,887276261928.0,M.2,NVM,1000 GB,MLC,Samsung Phoenix,https://www.amazon.ca/dp/B07CGGRYVT?tag=pckombo04b-20&linkCode=osi&th=1&psc=1
342,Samsung 970 PRO 512 GB,$145.07 USD,SAMSUNG,MZ-V7P512BW,8801643205355,887276261904.0,M.2,NVM,512 GB,MLC,Samsung Phoenix,https://www.amazon.ca/dp/B07C8Y31G2?tag=pckombo04b-20&linkCode=osi&th=1&psc=1
355,Samsung PM981 256 GB,$10.84 USD,SAMSUNG,MZVLB256HAHQ,0,824142142967.0,M.2,NVM,256 GB,MLC,Samsung Phoenix,https://www.amazon.ca/dp/2253053511?tag=pckombo04b-20&linkCode=osi&th=1&psc=1
360,SanDisk Plus 120GB TLC,$48.56 USD,SanDisk,SDSSDA-120G-G26,619659146689,,SATA,SATA,120 GB,,,https://www.amazon.ca/dp/B01F9G414U?tag=pckombo04b-20&linkCode=osi&th=1&psc=1
361,SanDisk Plus 240GB TLC,$26.57 USD,SanDisk,SDSSDA-240G-G26,619659146726,,SATA,SATA,240 GB,,,https://www.amazon.ca/dp/B01F9G43WU?tag=pckombo04b-20&linkCode=osi&th=1&psc=1
362,SanDisk Plus 480GB TLC,$39.89 USD,SanDisk,SDSSDA-480G-G26,619659146757,,SATA,SATA,480 GB,,,https://www.amazon.ca/dp/B01F9G46Q8?tag=pckombo04b-20&linkCode=osi&th=1&psc=1
363,SanDisk Plus 960GB TLC,$83.56 USD,SanDisk,SDSSDA-960G-G26,619659151324,,SATA,SATA,960 GB,,,https://www.amazon.ca/dp/B01LY5ZZ4P?tag=pckombo04b-20&linkCode=osi&th=1&psc=1
364,SanDisk Ultra II 240GB TLC,$85.19 USD,SanDisk,SDSSDHII-240G-G25,619659112134,,SATA,SATA,240 GB,,,https://www.amazon.ca/SanDisk-Ultra-2-5-Inch-Height-SDSSDHII-240G-G25/dp/B00M8ABEIM?SubscriptionId=AKIAI7B523DQIKTQ3BRQ&tag=pckombo04b-20&linkCode=xm2&camp=2025&creative=165953&creativeASIN=B00M8ABEIM
365,SanDisk Ultra II 480GB TLC,$102.21 USD,SanDisk,SDSSDHII-480G-G25,619659112165,,SATA,SATA,480 GB,,,https://www.amazon.ca/SanDisk-Ultra-2-5-Inch-Height-SDSSDHII-480G-G25/dp/B00M8ABFX6?SubscriptionId=AKIAI7B523DQIKTQ3BRQ&tag=pckombo04b-20&linkCode=xm2&camp=2025&creative=165953&creativeASIN=B00M8ABFX6
366,SanDisk Ultra II 960GB TLC,$193.37 USD,SanDisk,SDSSDHII-960G-G25,619659112196,,SATA,SATA,960 GB,,,https://www.amazon.ca/SanDisk-Ultra-2-5-Inch-Height-SDSSDHII-960G-G25/dp/B00M8ABHVQ?SubscriptionId=AKIAI7B523DQIKTQ3BRQ&tag=pckombo04b-20&linkCode=xm2&camp=2025&creative=165953&creativeASIN=B00M8ABHVQ
368,Seagate BarraCuda 510 512 GB,$95.02 USD,Seagate,ZP512CM30041,763649134016,,M.2,NVM,512 GB,TLC,Phison PS5012-E12 mit 8 Kanälen,https://www.amazon.ca/dp/B07QRCJGJ7?tag=pckombo04b-20&linkCode=osi&th=1&psc=1
369,Seagate FireCuda 530 1000 GB,$87.04 USD,Seagate,ZP1000GM3A013,8719706420426,763649161753.0,M.2,NVM,1000 GB,TLC,"Phison PS5018-E18, 8 Kanäle",https://www.amazon.ca/dp/B08Q54CHS6?tag=pckombo04b-20&linkCode=osi&th=1&psc=1
370,Seagate FireCuda 530 2000 GB,$347.45 USD,Seagate,ZP2000GM3A013,8719706420433,763649161760.0,M.2,NVM,2000 GB,TLC,"Phison PS5018-E18, 8 Kanäle",https://www.amazon.ca/dp/B0971D2WWL?tag=pckombo04b-20&linkCode=osi&th=1&psc=1
371,Seagate FireCuda 530 4000 GB,$515.01 USD,Seagate,ZP4000GM3A013,8719706420440,763649161777.0,M.2,NVM,4000 GB,TLC,"Phison PS5018-E18, 8 Kanäle",https://www.amazon.ca/dp/B08Q54GHTC?tag=pckombo04b-20&linkCode=osi&th=1&psc=1
372,Seagate FireCuda 530 500 GB,$61.65 USD,Seagate,ZP500GM3A013,8719706420419,763649161746.0,M.2,NVM,500 GB,TLC,"Phison PS5018-E18, 8 Kanäle",https://www.amazon.ca/dp/B08Q4X1HRJ?tag=pckombo04b-20&linkCode=osi&th=1&psc=1
373,Seagate IronWolf 240 GB,$58.02 USD,Seagate,ZP240NM30011,8719706018326,763649135952.0,M.2,NVM,240 GB,TLC,SK Hynix mit 8 Kanälen,https://www.amazon.ca/dp/B0851FF1V8?tag=pckombo04b-20&linkCode=osi&th=1&psc=1
374,Seagate IronWolf 480 GB,$108.8 USD,Seagate,ZP480NM30011,8719706018333,763649135969.0,M.2,NVM,480 GB,TLC,SK Hynix mit 8 Kanälen,https://www.amazon.ca/dp/B0853WQN8R?tag=pckombo04b-20&linkCode=osi&th=1&psc=1
375,Seagate IronWolf 960 GB,$213.21 USD,Seagate,ZP960NM30011,8719706018340,763649135976.0,M.2,NVM,960 GB,TLC,SK Hynix mit 8 Kanälen,https://www.amazon.ca/dp/B0851F3B78?tag=pckombo04b-20&linkCode=osi&th=1&psc=1
406,Toshiba OCZ RD400 Series Solid State Drive,$436.68 USD,Toshiba,RVD400-M22280-1T,842024037378,,M.2,NVM,1000 GB,,,https://www.amazon.ca/Toshiba-OCZ-RD400-Solid-RVD400-M22280-1TB/dp/B01G4UN8IU?psc=1&SubscriptionId=AKIAI7B523DQIKTQ3BRQ&tag=pckombo04b-20&linkCode=xm2&camp=2025&creative=165953&creativeASIN=B01G4UN8IU
410,Toshiba OCZ VX500 Series,$131.7 USD,Toshiba,VX500-25SAT3-128G,842024037910,,SATA,SATA,128 GB,MLC,Toshiba TC358790XBG,https://www.amazon.ca/dp/B01M0HXQAK?tag=pckombo04b-20&linkCode=osi&th=1&psc=1
415,Toshiba TR200 240 GB,$56.79 USD,Toshiba,TR200 25SAT3-240G,889661182696,,SATA,SATA,240 GB,TLC,Phison S11,https://www.amazon.ca/Toshiba-Memory-America-TR200-Internal/dp/B076DWV18J?psc=1&SubscriptionId=AKIAI7B523DQIKTQ3BRQ&tag=pckombo04b-20&linkCode=xm2&camp=2025&creative=165953&creativeASIN=B076DWV18J
416,Toshiba TR200 480 GB,$123.24 USD,Toshiba,TR200 25SAT3-480G,889661182702,,SATA,SATA,480 GB,TLC,Phison S11,https://www.amazon.ca/dp/B076F364XX?tag=pckombo04b-20&linkCode=osi&th=1&psc=1
417,Toshiba TR200 960 GB,$262.69 USD,Toshiba,TR200 25SAT3-960G,889661182719,,SATA,SATA,960 GB,TLC,Phison S11,https://www.amazon.ca/Toshiba-America-Internal-THN-TR20Z9600U8-CS/dp/B076DZ9DYH?psc=1&SubscriptionId=AKIAI7B523DQIKTQ3BRQ&tag=pckombo04b-20&linkCode=xm2&camp=2025&creative=165953&creativeASIN=B076DZ9DYH
419,Transcend 2240 128GB MLC - 2242,$70.95 USD,Transcend,TS128GMTS400,760557828983,,M.2,SATA,128 GB,,,https://www.amazon.ca/dp/B00KLTPUU0?tag=pckombo04b-20&linkCode=osi&th=1&psc=1
420,Western Digital Black NVMe M.2 Solid State Drive,$49.57 USD,Western Digital,WDS512G1X0C,718037854564,,M.2,NVM,512 GB,TLC,Marvell 88SS1093,https://www.amazon.ca/dp/B01MR4VOBZ?tag=pckombo04b-20&linkCode=osi&th=1&psc=1
421,Western Digital Black NVMe M.2 Solid State Drive,$86.14 USD,Western Digital,WDS250G2X0C,718037859057,,M.2,NVM,250 GB,TLC,Sandisk,https://www.amazon.ca/dp/B07C9H8MHD?tag=pckombo04b-20&linkCode=osi&th=1&psc=1
422,Western Digital Black NVMe M.2 Solid State Drive,$109.48 USD,Western Digital,WDS256G1X0C,718037854557,,M.2,NVM,256 GB,TLC,Marvell 88SS1093,https://www.amazon.ca/Black-256GB-Performance-SSD-WDS256G1X0C/dp/B01MS6BYJD?psc=1&SubscriptionId=AKIAI7B523DQIKTQ3BRQ&tag=pckombo04b-20&linkCode=xm2&camp=2025&creative=165953&creativeASIN=B01MS6BYJD
423,Western Digital Black NVMe M.2 Solid State Drive,$132.95 USD,Western Digital,WDS500G2X0C,718037859040,,M.2,NVM,500 GB,TLC,Sandisk,https://www.amazon.ca/dp/B07BR9FV1C?tag=pckombo04b-20&linkCode=osi&th=1&psc=1
424,Western Digital Black SN750 NVMe M.2 Solid State Drive 250 GB,$56.48 USD,Western Digital,WDS250G3X0C,718037865386,,M.2,NVM,250 GB,TLC,Sandisk,https://www.amazon.ca/dp/B07M64R4CR?tag=pckombo04b-20&linkCode=osi&th=1&psc=1
425,Western Digital Black SN750 NVMe M.2 Solid State Drive 500 GB,$61.65 USD,Western Digital,WDS500G3X0C,718037865362,,M.2,NVM,500 GB,TLC,Sandisk,https://www.amazon.ca/dp/B07MH2P5ZD?tag=pckombo04b-20&linkCode=osi&th=1&psc=1
426,Western Digital Black SN750 Solid State Drive 1000 GB,$204.9 USD,Western Digital,WDS100T3XHC,718037866666,,M.2,NVM,1000 GB,TLC,Sandisk,https://www.amazon.ca/dp/B07MQ468S8?tag=pckombo04b-20&linkCode=osi&th=1&psc=1
427,Western Digital Black SN850 NVMe M.2 Solid State Drive 1000 GB,$130.56 USD,Western Digital,WDS100T1X0E,718037875934,,M.2,NVM,1000 GB,TLC,Western Digital Black G2,https://www.amazon.ca/dp/B08KFS6THF?tag=pckombo04b-20&linkCode=osi&th=1&psc=1
428,Western Digital Black SN850 NVMe M.2 Solid State Drive 1000 GB,$144.95 USD,Western Digital,WDS100T1XHE,718037875910,,M.2,NVM,1000 GB,TLC,Western Digital Black G2,https://www.amazon.ca/dp/B08PHSVW7K?tag=pckombo04b-20&linkCode=osi&th=1&psc=1
429,Western Digital Black SN850 NVMe M.2 Solid State Drive 2000 GB,$221.23 USD,Western Digital,WDS200T1X0E,718037875927,,M.2,NVM,2000 GB,TLC,Western Digital Black G2,https://www.amazon.ca/dp/B08KFRFL8F?tag=pckombo04b-20&linkCode=osi&th=1&psc=1
430,Western Digital Black SN850 NVMe M.2 Solid State Drive 2000 GB,$239.37 USD,Western Digital,WDS200T1XHE,718037875965,,M.2,NVM,2000 GB,TLC,Western Digital Black G2,https://www.amazon.ca/dp/B08PMLYV9H?tag=pckombo04b-20&linkCode=osi&th=1&psc=1
431,Western Digital Black SN850 NVMe M.2 Solid State Drive 500 GB,$79.78 USD,Western Digital,WDS500G1X0E,718037875880,,M.2,NVM,500 GB,TLC,Western Digital Black G2,https://www.amazon.ca/dp/B08KFN1KT1?tag=pckombo04b-20&linkCode=osi&th=1&psc=1
432,Western Digital Blue,$93.46 USD,Western Digital,WDS250G1B0A,718037852881,,SATA,SATA,250 GB,TLC,Marvell 88SS1074,https://www.amazon.ca/dp/B01LXDQX35?tag=pckombo04b-20&linkCode=osi&th=1&psc=1
433,Western Digital Blue,$146.49 USD,Western Digital,WDS500G1B0A,718037852898,,SATA,SATA,500 GB,TLC,Marvell 88SS1074,https://www.amazon.ca/dp/B01LWQ9LYV?tag=pckombo04b-20&linkCode=osi&th=1&psc=1
434,Western Digital Blue 3D 1000 GB,$89.93 USD,Western Digital,WDS100T2B0A,718037856278,,SATA,SATA,1000 GB,,,https://www.amazon.ca/dp/B073SBQMCX?tag=pckombo04b-20&linkCode=osi&th=1&psc=1
435,Western Digital Blue 3D 2000 GB,$112.43 USD,Western Digital,WDS200T2B0A,718037856315,,SATA,SATA,2000 GB,,,https://www.amazon.ca/dp/B073SBRHH6?tag=pckombo04b-20&linkCode=osi&th=1&psc=1
436,Western Digital Blue 3D 250 GB,$50.04 USD,Western Digital,WDS250G2B0A,718037856339,,SATA,SATA,250 GB,,,https://www.amazon.ca/dp/B073SB2MXW?tag=pckombo04b-20&linkCode=osi&th=1&psc=1
437,Western Digital Blue 3D 500 GB,$55.85 USD,Western Digital,WDS500G2B0A,718037856308,,SATA,SATA,500 GB,,,https://www.amazon.ca/dp/B073SBZ8YH?tag=pckombo04b-20&linkCode=osi&th=1&psc=1
438,Western Digital Blue 3D M.2 - 1 TB 1000 GB,$106.48 USD,Western Digital,WDS100T2B0B,718037856322,,M.2,SATA,1000 GB,,,https://www.amazon.ca/dp/B073SB2MXT?tag=pckombo04b-20&linkCode=osi&th=1&psc=1
439,Western Digital Blue 3D M.2 - 2 TB 2000 GB,$119.68 USD,Western Digital,WDS200T2B0B,718037856285,,M.2,NVM,2000 GB,,,https://www.amazon.ca/dp/B073SBW3VD?tag=pckombo04b-20&linkCode=osi&th=1&psc=1
440,Western Digital Blue 3D M.2 Solid State Drive 250 GB,$50.77 USD,Western Digital,WDS250G2B0B,718037856292,,M.2,SATA,250 GB,TLC,,https://www.amazon.ca/dp/B073SBV3XX?tag=pckombo04b-20&linkCode=osi&th=1&psc=1
441,Western Digital Blue 3D M.2 Solid State Drive 500 GB,$50.77 USD,Western Digital,WDS500G2B0B,718037856261,,M.2,SATA,500 GB,,,https://www.amazon.ca/dp/B073SBX6TY?tag=pckombo04b-20&linkCode=osi&th=1&psc=1
446,Western Digital Blue SN550 NVMe 2000 GB,$200.57 USD,Western Digital,WDS200T2B0C,718037881379,,M.2,NVM,2000 GB,TLC,Western Digital,https://www.amazon.ca/dp/B08K4NP5DQ?tag=pckombo04b-20&linkCode=osi&th=1&psc=1
447,Western Digital Blue SN550 NVMe 250 GB,$36.26 USD,Western Digital,WDS250G2B0C,718037868745,,M.2,NVM,250 GB,TLC,Western Digital,https://www.amazon.ca/dp/B07YFF8879?tag=pckombo04b-20&linkCode=osi&th=1&psc=1
450,Western Digital Green 120 GB,$34.13 USD,Western Digital,WDS120G2G0A,718037858517,,SATA,SATA,120 GB,,,https://www.amazon.ca/dp/B076XWDN6V?tag=pckombo04b-20&linkCode=osi&th=1&psc=1
451,Western Digital Green 240 GB,$43.68 USD,Western Digital,WDS240G2G0A,718037858494,,SATA,SATA,240 GB,,,https://www.amazon.ca/dp/B076Y374ZH?tag=pckombo04b-20&linkCode=osi&th=1&psc=1
453,Western Digital Green M.2 Solid State Drive 120 GB,$33.42 USD,Western Digital,WDS120G2G0B,718037852997,,M.2,SATA,120 GB,TLC,Silicon Motion SM2256,https://www.amazon.ca/Western-Digital-Green-WDS120G2G0B-Internal/dp/B078WYRR9S?psc=1&SubscriptionId=AKIAI7B523DQIKTQ3BRQ&tag=pckombo04b-20&linkCode=xm2&camp=2025&creative=165953&creativeASIN=B078WYRR9S
454,Western Digital Green M.2 Solid State Drive 240 GB,$47.77 USD,Western Digital,WDS240G2G0B,718037858845,,M.2,SATA,240 GB,TLC,Silicon Motion SM2256S,https://www.amazon.ca/dp/B078WYS5K6?tag=pckombo04b-20&linkCode=osi&th=1&psc=1
